symbol,alert,value,benchmark_value,detail
1000SHIBUSDT.P,UNDER_HODL,1.5363,2.4543,HODL CAGR supera STRAT por > 5pp
ADAUSDT,DEEP_DD,-0.6164,,MaxDD < -60%
ADAUSDT,UNDER_HODL,0.9356,1.2862,HODL CAGR supera STRAT por > 5pp
ADAUSDT,DEEP_DD,-0.6164,,MaxDD < -60%
ADAUSDT,UNDER_HODL,0.9356,2.4543,HODL CAGR supera STRAT por > 5pp
ADAUSDT,DEEP_DD,-0.6164,,MaxDD < -60%
ADAUSDT,UNDER_HODL,0.9356,1.319,HODL CAGR supera STRAT por > 5pp
AVAXUSDT,DEEP_DD,-0.7114,,MaxDD < -60%
AVAXUSDT,UNDER_HODL,0.4062,0.6346,HODL CAGR supera STRAT por > 5pp
AVAXUSDT,DEEP_DD,-0.7114,,MaxDD < -60%
AVAXUSDT,UNDER_HODL,0.4062,2.4543,HODL CAGR supera STRAT por > 5pp
AVAXUSDT,DEEP_DD,-0.7114,,MaxDD < -60%
AVAXUSDT,UNDER_HODL,0.4062,1.319,HODL CAGR supera STRAT por > 5pp
BCHUSDT,DEEP_DD,-0.6081,,MaxDD < -60%
BCHUSDT,UNDER_HODL,1.9721,2.1427,HODL CAGR supera STRAT por > 5pp
BCHUSDT,DEEP_DD,-0.6081,,MaxDD < -60%
BCHUSDT,UNDER_HODL,1.9721,2.4543,HODL CAGR supera STRAT por > 5pp
BCHUSDT,DEEP_DD,-0.6081,,MaxDD < -60%
BNBUSDT,UNDER_HODL,0.3673,1.1825,HODL CAGR supera STRAT por > 5pp
BNBUSDT,UNDER_HODL,0.3673,2.4543,HODL CAGR supera STRAT por > 5pp
BNBUSDT,UNDER_HODL,0.3673,1.319,HODL CAGR supera STRAT por > 5pp
DOGEUSDT,DEEP_DD,-0.6816,,MaxDD < -60%
DOGEUSDT,UNDER_HODL,0.3218,1.0791,HODL CAGR supera STRAT por > 5pp
DOGEUSDT,DEEP_DD,-0.6816,,MaxDD < -60%
DOGEUSDT,UNDER_HODL,0.3218,2.4543,HODL CAGR supera STRAT por > 5pp
DOGEUSDT,DEEP_DD,-0.6816,,MaxDD < -60%
DOGEUSDT,UNDER_HODL,0.3218,1.319,HODL CAGR supera STRAT por > 5pp
DOTUSDT,NEG_SHARPE,-0.611,,Sharpe < 0
DOTUSDT,UNDER_HODL,-0.1286,-0.0565,HODL CAGR supera STRAT por > 5pp
DOTUSDT,NEG_SHARPE,-0.611,,Sharpe < 0
DOTUSDT,UNDER_HODL,-0.1286,2.4543,HODL CAGR supera STRAT por > 5pp
DOTUSDT,NEG_SHARPE,-0.611,,Sharpe < 0
DOTUSDT,UNDER_HODL,-0.1286,1.319,HODL CAGR supera STRAT por > 5pp
ETCUSDT,DEEP_DD,-0.6308,,MaxDD < -60%
ETCUSDT,DEEP_DD,-0.6308,,MaxDD < -60%
ETCUSDT,UNDER_HODL,0.316,2.4543,HODL CAGR supera STRAT por > 5pp
ETCUSDT,DEEP_DD,-0.6308,,MaxDD < -60%
ETCUSDT,UNDER_HODL,0.316,1.319,HODL CAGR supera STRAT por > 5pp
ETHUSDT,DEEP_DD,-0.6262,,MaxDD < -60%
ETHUSDT,DEEP_DD,-0.6262,,MaxDD < -60%
ETHUSDT,UNDER_HODL,1.3027,2.4543,HODL CAGR supera STRAT por > 5pp
ETHUSDT,DEEP_DD,-0.6262,,MaxDD < -60%
HBARUSDT,DEEP_DD,-0.702,,MaxDD < -60%
HBARUSDT,UNDER_HODL,2.1384,2.2736,HODL CAGR supera STRAT por > 5pp
HBARUSDT,DEEP_DD,-0.702,,MaxDD < -60%
HBARUSDT,UNDER_HODL,2.1384,2.4543,HODL CAGR supera STRAT por > 5pp
HBARUSDT,DEEP_DD,-0.702,,MaxDD < -60%
LINKUSDT,DEEP_DD,-0.6128,,MaxDD < -60%
LINKUSDT,DEEP_DD,-0.6128,,MaxDD < -60%
LINKUSDT,UNDER_HODL,1.3548,2.4543,HODL CAGR supera STRAT por > 5pp
LINKUSDT,DEEP_DD,-0.6128,,MaxDD < -60%
LTCUSDT,UNDER_HODL,0.5093,2.4543,HODL CAGR supera STRAT por > 5pp
LTCUSDT,UNDER_HODL,0.5093,1.319,HODL CAGR supera STRAT por > 5pp
SOLUSDT,UNDER_HODL,2.3876,5.4818,HODL CAGR supera STRAT por > 5pp
SOLUSDT,UNDER_HODL,2.3876,2.4543,HODL CAGR supera STRAT por > 5pp
TRXUSDT,UNDER_HODL,2.2559,2.4543,HODL CAGR supera STRAT por > 5pp
UNIUSDT,DEEP_DD,-0.7111,,MaxDD < -60%
UNIUSDT,UNDER_HODL,0.0069,0.5841,HODL CAGR supera STRAT por > 5pp
UNIUSDT,DEEP_DD,-0.7111,,MaxDD < -60%
UNIUSDT,UNDER_HODL,0.0069,2.4543,HODL CAGR supera STRAT por > 5pp
UNIUSDT,DEEP_DD,-0.7111,,MaxDD < -60%
UNIUSDT,UNDER_HODL,0.0069,1.319,HODL CAGR supera STRAT por > 5pp
XLMUSDT,UNDER_HODL,1.2552,2.0462,HODL CAGR supera STRAT por > 5pp
XLMUSDT,UNDER_HODL,1.2552,2.4543,HODL CAGR supera STRAT por > 5pp
XLMUSDT,UNDER_HODL,1.2552,1.319,HODL CAGR supera STRAT por > 5pp
XMRUSDT.P,UNDER_HODL,0.4286,2.4543,HODL CAGR supera STRAT por > 5pp
XMRUSDT.P,UNDER_HODL,0.4286,1.319,HODL CAGR supera STRAT por > 5pp
XRPUSDT,UNDER_HODL,0.775,3.0313,HODL CAGR supera STRAT por > 5pp
XRPUSDT,UNDER_HODL,0.775,2.4543,HODL CAGR supera STRAT por > 5pp
XRPUSDT,UNDER_HODL,0.775,1.319,HODL CAGR supera STRAT por > 5pp
