date,equity,strat_ret,side,prob_up,ret_fwd_1d
2023-01-01 00:00:00+00:00,0.9952869998652835,-0.00471300013471656,1,0.6359697589021256,-0.0045130001347165605
2023-01-02 00:00:00+00:00,0.9980481316735572,0.002774206644563293,1,0.6315978834533233,0.002774206644563293
2023-01-03 00:00:00+00:00,1.015288369305705,0.017273954116059365,1,0.5839914566310079,0.017273954116059365
2023-01-04 00:00:00+00:00,1.04848929568324,0.032700981692756814,1,0.5757879127821885,0.032700981692756814
2023-01-05 00:00:00+00:00,1.041620138501681,-0.0065514805061340775,1,0.6255137129647643,-0.0065514805061340775
2023-01-06 00:00:00+00:00,1.0488933637527433,0.006982608133445423,1,0.7016273563472235,0.006982608133445423
2023-01-08 00:00:00+00:00,1.0704302447412297,0.020532955715756973,1,0.691002448255322,0.020532955715756973
2023-01-10 00:00:00+00:00,1.120776864591928,0.047034003474807795,1,0.6928785317102816,0.047034003474807795
2023-01-11 00:00:00+00:00,1.105367345059788,-0.013748962901505402,1,0.6426207969675103,-0.013748962901505402
2023-01-12 00:00:00+00:00,1.1317362211557342,0.023855305852662045,1,0.6918421055836667,0.023855305852662045
2023-01-14 00:00:00+00:00,1.1264429077782092,-0.004677161761350579,1,0.5477973912476952,-0.004677161761350579
2023-01-19 00:00:00+00:00,1.1262176191966535,-0.0002,0,0.3942182109410402,0.04733978234582814
2023-01-27 00:00:00+00:00,1.1262176191966535,0.0,0,0.3817042912187025,0.023963082397420177
2023-02-01 00:00:00+00:00,1.09632838165075,-0.026539486717694814,1,0.545441297683129,-0.026339486717694816
2023-02-02 00:00:00+00:00,1.0882168190581896,-0.0073988439306358345,1,0.541929962010703,-0.0073988439306358345
2023-02-03 00:00:00+00:00,1.0879991756943779,-0.0002,0,0.4846297161369245,0.0025623107384113997
2023-02-04 00:00:00+00:00,1.0518856922745268,-0.03319256505576209,1,0.5387171429370333,-0.03299256505576209
2023-02-06 00:00:00+00:00,1.0516753151360718,-0.0002,0,0.4905824189185524,0.02226412798832067
2023-02-08 00:00:00+00:00,0.968777508930721,-0.07882452408291532,1,0.5477956024727694,-0.07862452408291531
2023-02-09 00:00:00+00:00,0.9815496642039123,0.01318378591105862,1,0.5903732542903267,0.01318378591105862
2023-02-10 00:00:00+00:00,0.9813533542710715,-0.0002,0,0.4220803440001323,0.043827280378067046
2023-02-11 00:00:00+00:00,0.9813533542710715,-0.0,0,0.4060993700137897,-0.011473579756884233
2023-02-12 00:00:00+00:00,0.95929997582895,-0.02247241357676135,1,0.5165294115608662,-0.022272413576761352
2023-02-17 00:00:00+00:00,0.9591081158337842,-0.0002,0,0.4116498693794748,0.012661401529397098
2023-02-24 00:00:00+00:00,0.9591081158337842,-0.0,0,0.4635507209588244,-0.010111088937670543
2023-03-01 00:00:00+00:00,0.9591081158337842,-0.0,0,0.3736201067851583,-0.011074705111402294
2023-03-02 00:00:00+00:00,0.9204019798381258,-0.04035638460009274,1,0.5067627060841037,-0.04015638460009274
2023-03-03 00:00:00+00:00,0.9202178994421581,-0.0002,0,0.4425129787603061,0.012219537452537121
2023-03-04 00:00:00+00:00,0.9202178994421581,0.0,0,0.3598523866855087,0.019506206520256253
2023-03-05 00:00:00+00:00,0.9202178994421581,0.0,0,0.4014104148839417,0.028900187316029058
2023-03-06 00:00:00+00:00,0.9202178994421581,-0.0,0,0.3929380775918044,-0.02347204161248384
2023-03-08 00:00:00+00:00,0.9202178994421581,-0.0,0,0.4813201613459448,-0.007127882599580637
2023-03-10 00:00:00+00:00,0.9202178994421581,0.0,0,0.4073512489599402,0.03562962962962968
2023-03-11 00:00:00+00:00,0.9202178994421581,0.0,0,0.2899316331035382,0.07216937272012025
2023-03-12 00:00:00+00:00,0.9202178994421581,0.0,0,0.2480914509201021,0.015143428952634874
2023-03-14 00:00:00+00:00,0.9202178994421581,-0.0,0,0.4069273873213973,-0.023594679500033466
2023-03-19 00:00:00+00:00,0.9202178994421581,-0.0,0,0.3318326433479323,-0.009791122715404721
2023-03-27 00:00:00+00:00,0.9202178994421581,0.0,0,0.4120309593745433,0.014574952186242829
2023-04-01 00:00:00+00:00,0.938562520079405,0.01993508347139026,1,0.5374173250205875,0.020135083471390258
2023-04-02 00:00:00+00:00,0.9383748075753892,-0.0002,0,0.4577846915843522,-0.023173016864459717
2023-04-03 00:00:00+00:00,0.9383748075753892,0.0,0,0.4713497476119487,0.01368373936952505
2023-04-04 00:00:00+00:00,0.9383748075753892,-0.0,0,0.4793780941818067,-0.0035324544250300294
2023-04-05 00:00:00+00:00,0.927910571133179,-0.011151446477179161,1,0.5468089056965395,-0.01095144647717916
2023-04-06 00:00:00+00:00,0.929514103226151,0.001728110599078292,1,0.5334400769875789,0.001728110599078292
2023-04-10 00:00:00+00:00,0.9475231831653632,0.019374724790841125,1,0.595491404288391,0.019374724790841125
2023-04-12 00:00:00+00:00,0.9459440753358797,-0.001666563792358411,1,0.5371655172005187,-0.001666563792358411
2023-04-13 00:00:00+00:00,0.9470552993640348,0.0011747248670705979,1,0.6232896545570383,0.0011747248670705979
2023-04-14 00:00:00+00:00,0.9487513781438505,0.001790897301302996,1,0.5604346973313242,0.001790897301302996
2023-04-18 00:00:00+00:00,0.8906276762875509,-0.06126336487649009,1,0.5680839714831988,-0.06126336487649009
2023-04-26 00:00:00+00:00,0.8904495507522934,-0.0002,0,0.473757322449238,-0.019136314345856942
2023-05-01 00:00:00+00:00,0.8904495507522934,0.0,0,0.4928943638512224,0.0004588659455915245
2023-05-02 00:00:00+00:00,0.8904495507522934,0.0,0,0.4350563604136527,0.016446075219499257
2023-05-03 00:00:00+00:00,0.8919360671060387,0.0016693998581833514,1,0.5204660653834877,0.0018693998581833515
2023-05-04 00:00:00+00:00,0.9074310315970071,0.017372281559644875,1,0.5574818600965827,0.017372281559644875
2023-05-05 00:00:00+00:00,0.895551558820598,-0.013091323045787973,1,0.5929164135232446,-0.013091323045787973
2023-05-06 00:00:00+00:00,0.8997983268662707,0.004742069849407171,1,0.5298295917321836,0.004742069849407171
2023-05-08 00:00:00+00:00,0.8996183672008975,-0.0002,0,0.4665291949213638,0.009976525821596027
2023-05-10 00:00:00+00:00,0.8996183672008975,-0.0,0,0.4773717374890216,-0.0076807915120744585
2023-05-11 00:00:00+00:00,0.9072278580548776,0.008458576582486254,1,0.5027566826907067,0.008658576582486255
2023-05-12 00:00:00+00:00,0.9014459545568364,-0.006373154711582396,1,0.5134707222682342,-0.006373154711582396
2023-05-14 00:00:00+00:00,0.889734301256111,-0.012992074834351053,1,0.5287817706020143,-0.012992074834351053
2023-05-19 00:00:00+00:00,0.8895563543958598,-0.0002,0,0.3992877224284864,-0.00046554934823106464
2023-05-27 00:00:00+00:00,0.8895563543958598,0.0,0,0.4791454550078198,0.026207809397749804
2023-06-01 00:00:00+00:00,0.8895563543958598,-0.0,0,0.424137936336511,-0.002460192715096121
2023-06-02 00:00:00+00:00,0.8895563543958598,0.0,0,0.4567828417523906,0.015071590052750494
2023-06-03 00:00:00+00:00,0.8895563543958598,-0.0,0,0.4946965601857742,-0.000877370587838211
2023-06-04 00:00:00+00:00,0.8471359331857554,-0.0476871656309106,1,0.5365945309085218,-0.0474871656309106
2023-06-05 00:00:00+00:00,0.8469665059991183,-0.0002,0,0.4965502558116817,0.041770087227856356
2023-06-06 00:00:00+00:00,0.8469665059991183,-0.0,0,0.406702070895743,-0.012321307011572524
2023-06-10 00:00:00+00:00,0.8469665059991183,0.0,0,0.4290577422440572,0.002035031615669647
2023-06-12 00:00:00+00:00,0.8469665059991183,-0.0,0,0.3789260636711351,-0.02534447062183187
2023-06-13 00:00:00+00:00,0.8469665059991183,-0.0,0,0.4211776044097638,-0.019923820685613824
2023-06-14 00:00:00+00:00,0.8469665059991183,0.0,0,0.4440965390957064,0.0035874439461882623
2023-06-18 00:00:00+00:00,0.8469665059991183,0.0,0,0.3536580251127135,0.007066880373014728
2023-06-26 00:00:00+00:00,0.8469665059991183,0.0,0,0.4552745970963511,0.023648029330889164
2023-07-01 00:00:00+00:00,0.8542497690119296,0.00859923380821257,1,0.596760704795211,0.00879923380821257
2023-07-02 00:00:00+00:00,0.856327988944849,0.0024328012816710043,1,0.5562611851615791,0.0024328012816710043
2023-07-03 00:00:00+00:00,0.8409694367576648,-0.017935361666863936,1,0.5402904913290507,-0.017935361666863936
2023-07-04 00:00:00+00:00,0.8450751883324567,0.004882165029232777,1,0.6050395733003435,0.004882165029232777
2023-07-05 00:00:00+00:00,0.8386377753695115,-0.007617562380038412,1,0.5023573144727649,-0.007617562380038412
2023-07-06 00:00:00+00:00,0.8384700478144376,-0.0002,0,0.4808109274848483,-0.0004230885463886169
2023-07-08 00:00:00+00:00,0.8306821775855745,-0.009288191330343887,1,0.5407812100318227,-0.009088191330343887
2023-07-10 00:00:00+00:00,0.8305160411500574,-0.0002,0,0.4890538883173577,0.01051987767584106
2023-07-11 00:00:00+00:00,0.8305160411500574,-0.0,0,0.4461804689394241,-0.01095509018278662
2023-07-12 00:00:00+00:00,0.8391425011337348,0.010386867388776566,1,0.5261264247098856,0.010586867388776566
2023-07-14 00:00:00+00:00,0.8389746726335081,-0.0002,0,0.4114744514106636,0.026302667663924195
2023-07-19 00:00:00+00:00,0.838553716964934,-0.0005017501508749687,1,0.5259756503065184,-0.0003017501508749687
2023-07-27 00:00:00+00:00,0.8428484200692218,0.0051215599160803205,1,0.5159311378947846,0.0051215599160803205
2023-08-01 00:00:00+00:00,0.842679850385208,-0.0002,0,0.4136736449482693,-0.0016234779893851137
2023-08-02 00:00:00+00:00,0.842679850385208,0.0,0,0.4635804955170712,0.0026893489273875915
2023-08-03 00:00:00+00:00,0.842679850385208,-0.0,0,0.4845366999098496,-0.011477045908183658
2023-08-04 00:00:00+00:00,0.8482007858936279,0.0065516405855629905,1,0.5268334414069595,0.00675164058556299
2023-08-05 00:00:00+00:00,0.8489982169051229,0.0009401441554370837,1,0.520502616245754,0.0009401441554370837
2023-08-06 00:00:00+00:00,0.8415023653970689,-0.00882905447714466,1,0.5076124530324138,-0.00882905447714466
2023-08-08 00:00:00+00:00,0.8413340649239895,-0.0002,0,0.4559340492941159,-0.010452084120387894
2023-08-10 00:00:00+00:00,0.8413340649239895,0.0,0,0.4141069570161113,0.0048073841420421815
2023-08-11 00:00:00+00:00,0.8413340649239895,0.0,0,0.3904274859937562,0.00650676192906352
2023-08-12 00:00:00+00:00,0.8413340649239895,0.0,0,0.4339988562095788,0.002345037393839622
2023-08-14 00:00:00+00:00,0.8413340649239895,-0.0,0,0.4578820698498616,-0.019191919191919093
2023-08-19 00:00:00+00:00,0.8413340649239895,0.0,0,0.3682953332304036,0.020457697642163764
2023-08-27 00:00:00+00:00,0.8413340649239895,-0.0,0,0.4257102660773288,-0.0006194081211287061
2023-09-01 00:00:00+00:00,0.8366199862999553,-0.005603099672970257,1,0.5139327757612939,-0.005403099672970257
2023-09-02 00:00:00+00:00,0.8364526623026953,-0.0002,0,0.4948389717691515,0.005289492494638948
2023-09-03 00:00:00+00:00,0.8364526623026953,0.0,0,0.4551284095850747,0.0031285551763369224
2023-09-04 00:00:00+00:00,0.8364526623026953,-0.0,0,0.4025385288013709,-0.02523390983838958
2023-09-05 00:00:00+00:00,0.8364526623026953,0.0,0,0.4745294017204107,0.032940663176265206
2023-09-06 00:00:00+00:00,0.8364526623026953,0.0,0,0.4276344120980833,0.008236536430834107
2023-09-10 00:00:00+00:00,0.8187824432218057,-0.02112518720694225,1,0.5132696146073829,-0.020925187206942253
2023-09-12 00:00:00+00:00,0.8186186867331614,-0.0002,0,0.4030324096753844,0.01642024452658508
2023-09-13 00:00:00+00:00,0.8186186867331614,0.0,0,0.4945385842635698,0.024057626407441024
2023-09-14 00:00:00+00:00,0.8248840519102663,0.007653581916273944,1,0.5335506421274686,0.007853581916273944
2023-09-18 00:00:00+00:00,0.836099257724881,0.013596099704731301,1,0.5825481236581526,0.013596099704731301
2023-09-26 00:00:00+00:00,0.8471401149030788,0.013205199115044364,1,0.6244713487783475,0.013205199115044364
2023-10-01 00:00:00+00:00,0.8294096717656426,-0.020929764540148943,1,0.5872928701234749,-0.020929764540148943
2023-10-02 00:00:00+00:00,0.8357176178818458,0.0076053442959918005,1,0.5885547031750945,0.0076053442959918005
2023-10-03 00:00:00+00:00,0.8538458594230065,0.021691826465388253,1,0.5202549413535896,0.021691826465388253
2023-10-04 00:00:00+00:00,0.8492995919518689,-0.0053244592346091135,1,0.5196818772384818,-0.0053244592346091135
2023-10-05 00:00:00+00:00,0.862597424304946,0.015657410505185654,1,0.6028142265148339,0.015657410505185654
2023-10-06 00:00:00+00:00,0.8820895460874479,0.022597009025627557,1,0.5942783821760702,0.022597009025627557
2023-10-08 00:00:00+00:00,0.867965265902867,-0.01601229744443733,1,0.6763129583327226,-0.01601229744443733
2023-10-10 00:00:00+00:00,0.877718966400297,0.011237431819675514,1,0.6190677204888547,0.011237431819675514
2023-10-11 00:00:00+00:00,0.8685356577448222,-0.01046269820639445,1,0.5685964106202483,-0.01046269820639445
2023-10-12 00:00:00+00:00,0.8752092422956952,0.007683719708412529,1,0.5728557067840071,0.007683719708412529
2023-10-14 00:00:00+00:00,0.8725162907809392,-0.003076923076923088,1,0.6013084738781571,-0.003076923076923088
2023-10-19 00:00:00+00:00,0.872341787522783,-0.0002,0,0.4969398978792982,0.015095825676030294
2023-10-27 00:00:00+00:00,0.879004108692421,0.0076372830752004855,1,0.6177340660846986,0.007837283075200485
2023-11-01 00:00:00+00:00,0.8761876084897945,-0.0032041945819982764,1,0.6881345216749941,-0.0032041945819982764
2023-11-02 00:00:00+00:00,0.8744977083682187,-0.0019286966686147267,1,0.6415316046444544,-0.0019286966686147267
2023-11-03 00:00:00+00:00,0.8607736710172389,-0.015693623001698187,1,0.6252501034464816,-0.015693623001698187
2023-11-04 00:00:00+00:00,0.8660482077603393,0.006127669700755511,1,0.5983917518392956,0.006127669700755511
2023-11-05 00:00:00+00:00,0.8464351245311404,-0.02264664143803219,1,0.5594226287816483,-0.02264664143803219
2023-11-06 00:00:00+00:00,0.8501221793418514,0.004355980398088155,1,0.5423014385356364,0.004355980398088155
2023-11-10 00:00:00+00:00,0.8426645311225825,-0.008772442832914229,1,0.5546340036865278,-0.008772442832914229
2023-11-12 00:00:00+00:00,0.842495998216358,-0.0002,0,0.4391954300925148,-0.05013131018383432
2023-11-13 00:00:00+00:00,0.842495998216358,0.0,0,0.4284435244626214,0.0036864094372082157
2023-11-14 00:00:00+00:00,0.842495998216358,-0.0,0,0.3542222271263063,-0.012916258570029426
2023-11-18 00:00:00+00:00,0.842495998216358,0.0,0,0.4725512822587145,0.019518866165226578
2023-11-26 00:00:00+00:00,0.8227935210049727,-0.023385840707964588,1,0.51202728533533,-0.02318584070796459
2023-12-01 00:00:00+00:00,0.8278260438514528,0.006116386089590531,1,0.5567596388926817,0.006116386089590531
2023-12-02 00:00:00+00:00,0.8267716104931426,-0.0012737378415933476,1,0.6064603338284735,-0.0012737378415933476
2023-12-03 00:00:00+00:00,0.8185278587827183,-0.009971014492753616,1,0.6085352708442253,-0.009971014492753616
2023-12-04 00:00:00+00:00,0.8207805118663807,0.002752078697739746,1,0.5584136071997212,0.002752078697739746
2023-12-05 00:00:00+00:00,0.817952713314549,-0.0034452554744526243,1,0.6259838483780633,-0.0034452554744526243
2023-12-06 00:00:00+00:00,0.8296952666230024,0.014356029532403669,1,0.5838466806862825,0.014356029532403669
2023-12-08 00:00:00+00:00,0.8341239907116175,0.005337771910692846,1,0.5442509958828174,0.005337771910692846
2023-12-10 00:00:00+00:00,0.8138037640213686,-0.024361158432708696,1,0.6142181196633233,-0.024361158432708696
2023-12-11 00:00:00+00:00,0.8097302453841624,-0.005005529363832251,1,0.5697229176592772,-0.005005529363832251
2023-12-12 00:00:00+00:00,0.8016305746055318,-0.01000292483182208,1,0.5467814207665618,-0.01000292483182208
2023-12-14 00:00:00+00:00,0.8014702484906107,-0.0002,0,0.4951390009247836,5.950255860986964e-05
2023-12-19 00:00:00+00:00,0.8180608651163541,0.02070022768404465,1,0.5410256260496464,0.020900227684044648
2023-12-27 00:00:00+00:00,0.813264629397605,-0.005862932604735915,1,0.5201282720051292,-0.005862932604735915
2024-01-01 00:00:00+00:00,0.8131019764717256,-0.0002,0,0.4303022743491155,-0.012378426171529622
2024-01-02 00:00:00+00:00,0.8131019764717256,-0.0,0,0.4556103232629416,-0.08075201432408241
2024-01-03 00:00:00+00:00,0.8131019764717256,0.0,0,0.313553824903526,0.06869237761329683
2024-01-04 00:00:00+00:00,0.8131019764717256,-0.0,0,0.2190099336059622,-0.054678007290400954
2024-01-05 00:00:00+00:00,0.8131019764717256,-0.0,0,0.4022476458819128,-0.019987146529562905
2024-01-06 00:00:00+00:00,0.8131019764717256,-0.0,0,0.3771629289932369,-0.043543838940258484
2024-01-08 00:00:00+00:00,0.8131019764717256,-0.0,0,0.2358303144371509,-0.023216461351022066
2024-01-10 00:00:00+00:00,0.8131019764717256,0.0,0,0.2697405901243233,0.024233067060482005
2024-01-11 00:00:00+00:00,0.8131019764717256,-0.0,0,0.3210201276668256,-0.003997902739546588
2024-01-12 00:00:00+00:00,0.8131019764717256,0.0,0,0.3580016837174891,0.024873330262551896
2024-01-14 00:00:00+00:00,0.8131019764717256,0.0,0,0.4763959351009922,0.020053215653189627
2024-01-19 00:00:00+00:00,0.8131019764717256,-0.0,0,0.347412043570885,-0.010793410338950982
2024-01-27 00:00:00+00:00,0.8143083853458708,0.0014837116487899983,1,0.5136605306224975,0.0016837116487899983
2024-02-01 00:00:00+00:00,0.8141455236688017,-0.0002,0,0.4048882571463698,0.01635991820040905
2024-02-02 00:00:00+00:00,0.8141455236688017,-0.0,0,0.4404665265339141,-0.020534974553201524
2024-02-03 00:00:00+00:00,0.8160486792172061,0.002337611020482222,1,0.5131620412718759,0.002537611020482222
2024-02-04 00:00:00+00:00,0.8158854694813628,-0.0002,0,0.4874248070733725,-0.003314650756343074
2024-02-05 00:00:00+00:00,0.5209023887944912,-0.3615496190591365,1,0.5488121847593805,-0.36134961905913654
2024-02-06 00:00:00+00:00,0.5207982083167324,-0.0002,0,0.0038633307968344,0.22533611058511638
2024-02-10 00:00:00+00:00,0.5207982083167324,0.0,0,0.2321311267849163,0.013690576180077185
2024-02-12 00:00:00+00:00,0.5207982083167324,0.0,0,0.2868923657681723,0.013472816611190375
2024-02-13 00:00:00+00:00,0.5207982083167324,0.0,0,0.3149687017969332,0.0006255864873319084
2024-02-17 00:00:00+00:00,0.5207982083167324,0.0,0,0.4083791882521098,0.008661222469685592
2024-02-25 00:00:00+00:00,0.5207982083167324,0.0,0,0.3663633867424442,0.03455521830492647
2024-03-01 00:00:00+00:00,0.5207982083167324,0.0,0,0.3416918583740513,0.01794250086595084
2024-03-02 00:00:00+00:00,0.5207982083167324,0.0,0,0.4384755493623927,0.027766435279706014
2024-03-03 00:00:00+00:00,0.5207982083167324,-0.0,0,0.3491728804600644,-0.005694609985432475
2024-03-04 00:00:00+00:00,0.5207982083167324,-0.0,0,0.4990697803339396,-0.05913692061800746
2024-03-05 00:00:00+00:00,0.5207982083167324,0.0,0,0.402581450824992,0.02250849377123454
2024-03-06 00:00:00+00:00,0.5207982083167324,-0.0,0,0.2798772300819042,-0.0019382528035442048
2024-03-08 00:00:00+00:00,0.5207982083167324,-0.0,0,0.3230039233760298,-0.021756867011150538
2024-03-10 00:00:00+00:00,0.5207982083167324,-0.0,0,0.3886833074418543,-0.00796514398529502
2024-03-11 00:00:00+00:00,0.5207982083167324,-0.0,0,0.4582923086984474,-0.0034998627504803093
2024-03-12 00:00:00+00:00,0.5207982083167324,0.0,0,0.3928357470334626,0.03167825907306665
2024-03-14 00:00:00+00:00,0.5207982083167324,-0.0,0,0.3914074428995549,-0.03172441963373951
2024-03-19 00:00:00+00:00,0.5207982083167324,0.0,0,0.3205707936751004,0.04519309778142966
2024-03-27 00:00:00+00:00,0.5207982083167324,-0.0,0,0.2807161931016919,-0.02157231793832337
2024-04-01 00:00:00+00:00,0.5207982083167324,-0.0,0,0.3991949698189041,-0.007464503042596382
2024-04-02 00:00:00+00:00,0.5207982083167324,0.0,0,0.3819992643894673,0.053461947192021686
2024-04-03 00:00:00+00:00,0.5207982083167324,0.0,0,0.2717361300689488,0.02358966400248308
2024-04-04 00:00:00+00:00,0.5207982083167324,-0.0,0,0.3432735135641165,-0.038586915321052295
2024-04-05 00:00:00+00:00,0.5414323466722265,0.039620217631288514,1,0.5307181196890137,0.03982021763128851
2024-04-06 00:00:00+00:00,0.541324060202892,-0.0002,0,0.3969999704540276,-0.0034882839159778856
2024-04-10 00:00:00+00:00,0.541324060202892,-0.0,0,0.4115808535879422,-0.002246013326345664
2024-04-12 00:00:00+00:00,0.541324060202892,-0.0,0,0.47970085063153,-0.05998202173735401
2024-04-13 00:00:00+00:00,0.541324060202892,0.0,0,0.3368799961026889,0.0538120490306877
2024-04-14 00:00:00+00:00,0.541324060202892,0.0,0,0.2173454763523467,0.016663916845405025
2024-04-18 00:00:00+00:00,0.541324060202892,0.0,0,0.3431058551497624,0.007742601514108882
2024-04-26 00:00:00+00:00,0.541324060202892,0.0,0,0.4281844510516113,0.02237006237006245
2024-05-01 00:00:00+00:00,0.541324060202892,-0.0,0,0.3526873518111753,-0.004120546174355533
2024-05-02 00:00:00+00:00,0.541324060202892,0.0,0,0.4422082272195251,0.014846665584942409
2024-05-03 00:00:00+00:00,0.541324060202892,-0.0,0,0.4304837761910964,-0.015029178991126435
2024-05-04 00:00:00+00:00,0.541324060202892,0.0,0,0.4002868879505994,0.08716824933041156
2024-05-05 00:00:00+00:00,0.541324060202892,-0.0,0,0.3044915052161669,-0.025979843225083954
2024-05-06 00:00:00+00:00,0.5298889410614739,-0.021124350425385206,1,0.5275260503669128,-0.020924350425385208
2024-05-08 00:00:00+00:00,0.5297829632732616,-0.0002,0,0.4429825390228088,0.005387767491273454
2024-05-10 00:00:00+00:00,0.5297829632732616,-0.0,0,0.4996732960233612,-0.006938159879336214
2024-05-11 00:00:00+00:00,0.5297829632732616,0.0,0,0.4927366795404698,0.010935601458080146
2024-05-12 00:00:00+00:00,0.5297829632732616,0.0,0,0.4629353014484572,0.018254206730769384
2024-05-14 00:00:00+00:00,0.53865841769803,0.01675300083251361,1,0.6203439931133814,0.01695300083251361
2024-05-19 00:00:00+00:00,0.5415440877928409,0.005357142857142838,1,0.5067830429516342,0.005357142857142838
2024-05-27 00:00:00+00:00,0.5417353920488085,0.00035325702981503504,1,0.5868435994663741,0.00035325702981503504
2024-06-01 00:00:00+00:00,0.5555215811031627,0.025448197139595674,1,0.6631809277871318,0.025448197139595674
2024-06-02 00:00:00+00:00,0.5636332437921364,0.014601885804085946,1,0.6819688318139695,0.014601885804085946
2024-06-03 00:00:00+00:00,0.5820390793106147,0.03265569538560831,1,0.6457871929291119,0.03265569538560831
2024-06-04 00:00:00+00:00,0.5935700078864203,0.019811261796137902,1,0.6363045276163616,0.019811261796137902
2024-06-05 00:00:00+00:00,0.5993900349278364,0.009805123176859887,1,0.660709977389038,0.009805123176859887
2024-06-06 00:00:00+00:00,0.5612324826375523,-0.06366063842699365,1,0.6994731684265963,-0.06366063842699365
2024-06-10 00:00:00+00:00,0.5611202361410248,-0.0002,0,0.2912631603534943,-0.02067226890756302
2024-06-12 00:00:00+00:00,0.5611202361410248,-0.0,0,0.4100058304077802,-0.04881697789106221
2024-06-13 00:00:00+00:00,0.5564643960607312,-0.008297401840848062,1,0.5010446932170008,-0.008097401840848062
2024-06-14 00:00:00+00:00,0.556353103181519,-0.0002,0,0.4017676287847255,0.04058260409937153
2024-06-18 00:00:00+00:00,0.556353103181519,-0.0,0,0.4483160965945804,-0.008598857412097205
2024-06-26 00:00:00+00:00,0.556353103181519,0.0,0,0.4750371109786627,0.006486814186117185
2024-07-01 00:00:00+00:00,0.556353103181519,0.0,0,0.4931923650377264,0.0055363733777831214
2024-07-02 00:00:00+00:00,0.5456687850135931,-0.019204203421940756,1,0.5246278778597175,-0.019004203421940757
2024-07-03 00:00:00+00:00,0.5121448970749185,-0.06143633071816523,1,0.5261166542353055,-0.06143633071816523
2024-07-04 00:00:00+00:00,0.510333685054656,-0.003536522633744932,1,0.5210688305547703,-0.003536522633744932
2024-07-05 00:00:00+00:00,0.5102316183176451,-0.0002,0,0.3676060894597937,0.021100858230625352
2024-07-06 00:00:00+00:00,0.5102316183176451,-0.0,0,0.3883974762534841,-0.0619944388270981
2024-07-08 00:00:00+00:00,0.5102316183176451,0.0,0,0.3874209564138144,0.006226892391515859
2024-07-10 00:00:00+00:00,0.5102316183176451,0.0,0,0.4828444389375286,0.016503981505265886
2024-07-11 00:00:00+00:00,0.5102316183176451,0.0,0,0.4707697040732062,0.009665803272474571
2024-07-12 00:00:00+00:00,0.5102316183176451,-0.0,0,0.4890101308355674,-0.01726942810661991
2024-07-14 00:00:00+00:00,0.5102316183176451,-0.0,0,0.4525691748570849,-0.0073299085327653835
2024-07-19 00:00:00+00:00,0.5164263839037622,0.012141085271317941,1,0.5913124533270904,0.012341085271317942
2024-07-27 00:00:00+00:00,0.5229754995824235,0.01268160551588271,1,0.6025462639803816,0.01268160551588271
2024-08-01 00:00:00+00:00,0.5228709044825071,-0.0002,0,0.4412739942993466,0.010031948881789043
2024-08-02 00:00:00+00:00,0.5228709044825071,-0.0,0,0.3547555722440056,-0.05497564370215724
2024-08-03 00:00:00+00:00,0.5228709044825071,0.0,0,0.3093547479492247,0.006359619761681756
2024-08-04 00:00:00+00:00,0.5228709044825071,-0.0,0,0.274708573098354,-0.031131510676511764
2024-08-05 00:00:00+00:00,0.5228709044825071,0.0,0,0.2639545971348387,0.015585307243391577
2024-08-06 00:00:00+00:00,0.5228709044825071,-0.0,0,0.3941326475023832,-0.012979989183342311
2024-08-08 00:00:00+00:00,0.5228709044825071,-0.0,0,0.3533142872597765,-0.031880574356379254
2024-08-10 00:00:00+00:00,0.5171795095144003,-0.010884895142022866,1,0.5238296463492725,-0.010684895142022865
2024-08-11 00:00:00+00:00,0.5170760736124974,-0.0002,0,0.4803733319562731,0.00858657006775343
2024-08-12 00:00:00+00:00,0.5170760736124974,-0.0,0,0.4132142474622917,-0.019953441968739605
2024-08-14 00:00:00+00:00,0.5170760736124974,-0.0,0,0.4103147616926011,-0.012233831503769332
2024-08-19 00:00:00+00:00,0.5325150226013827,0.029858177117000763,1,0.5127450490927006,0.03005817711700076
2024-08-27 00:00:00+00:00,0.5391731676005664,0.012503205950243679,1,0.5599339003071422,0.012503205950243679
2024-09-01 00:00:00+00:00,0.5414285906194576,0.00418311435809815,1,0.5329317582996708,0.00418311435809815
2024-09-02 00:00:00+00:00,0.5496243531388088,0.015137291715559886,1,0.5298623473634348,0.015137291715559886
2024-09-03 00:00:00+00:00,0.549514428268181,-0.0002,0,0.4607648847785586,-0.014333603051670418
2024-09-04 00:00:00+00:00,0.549514428268181,0.0,0,0.4914169939676542,0.01096516946170989
2024-09-05 00:00:00+00:00,0.549514428268181,-0.0,0,0.4114460867429984,-0.04210892639638064
2024-09-06 00:00:00+00:00,0.549514428268181,0.0,0,0.4519840047337854,0.015258855585830844
2024-09-10 00:00:00+00:00,0.5674670708681664,0.03267001133448664,1,0.6382629498764005,0.03287001133448664
2024-09-12 00:00:00+00:00,0.5626448723729244,-0.008497759152552242,1,0.6223888084472667,-0.008497759152552242
2024-09-13 00:00:00+00:00,0.5596722842594191,-0.00528324038743766,1,0.5472683269429874,-0.00528324038743766
2024-09-14 00:00:00+00:00,0.5619512684797732,0.004071997639421676,1,0.5335865750003856,0.004071997639421676
2024-09-18 00:00:00+00:00,0.5753756051895581,0.02388879154255008,1,0.5346621327877292,0.02388879154255008
2024-09-26 00:00:00+00:00,0.5752605300685202,-0.0002,0,0.4753828669892963,-0.0004872997502587406
2024-10-01 00:00:00+00:00,0.5752605300685202,-0.0,0,0.4536539781915593,-0.05563992820654429
2024-10-02 00:00:00+00:00,0.5752605300685202,0.0,0,0.4552291080304529,0.05343567251461989
2024-10-03 00:00:00+00:00,0.5752605300685202,0.0,0,0.3246996034463321,0.0326139754354311
2024-10-04 00:00:00+00:00,0.5752605300685202,0.0,0,0.4492118271766485,0.02634231570458967
2024-10-05 00:00:00+00:00,0.5573298405158745,-0.031169685065147633,1,0.5064660153860535,-0.030969685065147634
2024-10-06 00:00:00+00:00,0.5441874003577637,-0.023581081081081146,1,0.5893569108478066,-0.023581081081081146
2024-10-08 00:00:00+00:00,0.5440785628776922,-0.0002,0,0.4364500857256403,-0.011918312688316002
2024-10-10 00:00:00+00:00,0.5440785628776922,-0.0,0,0.4310765808374284,-0.004254762060614037
2024-10-11 00:00:00+00:00,0.5440785628776922,-0.0,0,0.4999126286971015,-0.010386536944517522
2024-10-12 00:00:00+00:00,0.5374280824991898,-0.012223382489703805,1,0.5321946223513186,-0.012023382489703804
2024-10-14 00:00:00+00:00,0.53732059688269,-0.0002,0,0.3933432056114819,-0.022436101727324798
2024-10-19 00:00:00+00:00,0.5459087231523025,0.015983244118013197,1,0.5559184140808162,0.016183244118013196
2024-10-27 00:00:00+00:00,0.5471815499703041,0.0023315744263101568,1,0.6201145213064242,0.0023315744263101568
2024-11-01 00:00:00+00:00,0.54707211366031,-0.0002,0,0.4327651621593206,-0.013811624784193288
2024-11-02 00:00:00+00:00,0.54707211366031,0.0,0,0.4620030650910577,0.016663424755235745
2024-11-03 00:00:00+00:00,0.54707211366031,0.0,0,0.3878447731318905,0.00950255102040809
2024-11-04 00:00:00+00:00,0.5476884882569012,0.0011266788805357254,1,0.517004864826944,0.0013266788805357255
2024-11-05 00:00:00+00:00,0.557156415435601,0.017287066246056915,1,0.5437582180712358,0.017287066246056915
2024-11-06 00:00:00+00:00,0.5646892918040555,0.013520218308112009,1,0.5548209192210929,0.013520218308112009
2024-11-10 00:00:00+00:00,0.5489288990967117,-0.02790984871874025,1,0.5137992557716343,-0.02790984871874025
2024-11-12 00:00:00+00:00,0.5488191133168924,-0.0002,0,0.4136915019510595,-0.0018570102135562205
2024-11-13 00:00:00+00:00,0.5488191133168924,-0.0,0,0.3200446732260126,-0.019800664451827155
2024-11-14 00:00:00+00:00,0.5488191133168924,-0.0,0,0.4393470001120148,-0.03660520607375273
2024-11-18 00:00:00+00:00,0.5701511602389455,0.03886899418121368,1,0.5065993188204678,0.03906899418121368
2024-11-26 00:00:00+00:00,0.5700371300068977,-0.0002,0,0.3735540343905407,-0.02680630883361379
2024-12-01 00:00:00+00:00,0.6084537655446883,0.06739321618808544,1,0.5404493748300074,0.06759321618808545
2024-12-02 00:00:00+00:00,0.6083320747915794,-0.0002,0,0.3110686558103225,0.16728795090898663
2024-12-03 00:00:00+00:00,0.6083320747915794,-0.0,0,0.0852599250357369,-0.03630735973273058
2024-12-04 00:00:00+00:00,0.6083320747915794,-0.0,0,0.2569519814771904,-0.014784603619678816
2024-12-05 00:00:00+00:00,0.6083320747915794,0.0,0,0.2032600111072233,0.028460543337645472
2024-12-06 00:00:00+00:00,0.6083320747915794,0.0,0,0.3327768156050661,0.008654088050314535
2024-12-08 00:00:00+00:00,0.6083320747915794,-0.0,0,0.1187045295806141,-0.21060422554164993
2024-12-10 00:00:00+00:00,0.6083320747915794,0.0,0,0.0910312318569487,0.11933880605349856
2024-12-11 00:00:00+00:00,0.6083320747915794,-0.0,0,0.0899409743842018,-0.006086609459189818
2024-12-12 00:00:00+00:00,0.6083320747915794,0.0,0,0.1852924628772853,0.04146170063246668
2024-12-14 00:00:00+00:00,0.6083320747915794,0.0,0,0.1948794713036343,0.05695269788447832
2024-12-19 00:00:00+00:00,0.6083320747915794,0.0,0,0.2713207027119159,0.008576417419884796
2024-12-27 00:00:00+00:00,0.6083320747915794,0.0,0,0.4541056709155909,0.020137702541802582
2025-01-01 00:00:00+00:00,0.6108147554681298,0.004081127363539028,1,0.5050260526438085,0.004281127363539028
2025-01-02 00:00:00+00:00,0.6240198854264868,0.021618878457244417,1,0.6014324286285699,0.021618878457244417
2025-01-03 00:00:00+00:00,0.6019803375382432,-0.03531866275892903,1,0.5471636555261369,-0.03531866275892903
2025-01-04 00:00:00+00:00,0.6100398065269118,0.01338825952626177,1,0.6379650365233127,0.01338825952626177
2025-01-05 00:00:00+00:00,0.6099177985656065,-0.0002,0,0.4725957427358096,0.03506097560975596
2025-01-06 00:00:00+00:00,0.6099177985656065,-0.0,0,0.4773348749887666,-0.047324496809032834
2025-01-08 00:00:00+00:00,0.6099177985656065,-0.0,0,0.2991121261826928,-0.05079096607302758
2025-01-10 00:00:00+00:00,0.6099177985656065,-0.0,0,0.4098980149094444,-0.00640416270575872
2025-01-11 00:00:00+00:00,0.6145562389334661,0.0076050254292763025,1,0.5114716628934725,0.007805025429276302
2025-01-12 00:00:00+00:00,0.6144333276856795,-0.0002,0,0.4474872916697275,0.010692515239332456
2025-01-14 00:00:00+00:00,0.6144333276856795,0.0,0,0.4488212131390426,0.012224701659066639
2025-01-19 00:00:00+00:00,0.6144333276856795,0.0,0,0.4820950981458622,0.0199009852458214
2025-01-27 00:00:00+00:00,0.6144333276856795,0.0,0,0.4492704869720044,0.015616987553027872
2025-02-01 00:00:00+00:00,0.6144333276856795,-0.0,0,0.4541427756333051,-0.052027315407597086
2025-02-02 00:00:00+00:00,0.6237160207514975,0.015107730403853803,1,0.5351354996943147,0.015307730403853803
2025-02-03 00:00:00+00:00,0.6235912775473472,-0.0002,0,0.3148474277322414,-0.024389162343133375
2025-02-04 00:00:00+00:00,0.6235912775473472,0.0,0,0.3457571480065586,0.033316667424208024
2025-02-06 00:00:00+00:00,0.6235912775473472,-0.0,0,0.3057811552708536,-0.07611383356561618
2025-02-08 00:00:00+00:00,0.6235912775473472,0.0,0,0.3698263467888065,0.028212434023074273
2025-02-09 00:00:00+00:00,0.6235912775473472,0.0,0,0.4480340249428362,0.00822241402807422
2025-02-10 00:00:00+00:00,0.6235912775473472,0.0,0,0.485742267651449,0.005542038388753667
2025-02-11 00:00:00+00:00,0.6235912775473472,0.0,0,0.4653779242484168,0.01711699601200878
2025-02-12 00:00:00+00:00,0.6235912775473472,-0.0,0,0.4860679954692586,-0.010000440548041833
2025-02-17 00:00:00+00:00,0.6235912775473472,-0.0,0,0.4421496258616338,-0.0035697786737223236
2025-02-24 00:00:00+00:00,0.5963060372081155,-0.0437550063986585,1,0.6025223037748546,-0.0435550063986585
2025-03-01 00:00:00+00:00,0.6121720371266886,0.02660714285714283,1,0.5120748815862772,0.02660714285714283
2025-03-02 00:00:00+00:00,0.5809724533941925,-0.05096538528439731,1,0.5693957104493232,-0.05096538528439731
2025-03-03 00:00:00+00:00,0.5965988660656729,0.026896994134897323,1,0.5521977913498225,0.026896994134897323
2025-03-04 00:00:00+00:00,0.5964795462924598,-0.0002,0,0.4244016278770685,0.012404622729909276
2025-03-05 00:00:00+00:00,0.5964795462924598,0.0,0,0.4715450709620098,0.006434836264268995
2025-03-06 00:00:00+00:00,0.5964795462924598,-0.0,0,0.4875185602776774,-0.051631267790672175
2025-03-08 00:00:00+00:00,0.5964795462924598,-0.0,0,0.4049982615079611,-0.04166477556392689
2025-03-10 00:00:00+00:00,0.5964795462924598,0.0,0,0.480320368494518,0.05658687104961935
2025-03-11 00:00:00+00:00,0.5964795462924598,-0.0,0,0.4268978675802656,-0.019830428638718867
2025-03-12 00:00:00+00:00,0.5920892401281397,-0.007360363304339556,1,0.5970209372198302,-0.0071603633043395565
2025-03-14 00:00:00+00:00,0.6003400794393517,0.013935127936840042,1,0.5546463093919918,0.013935127936840042
2025-03-19 00:00:00+00:00,0.6099346217740736,0.015981845396166205,1,0.5217265798389619,0.015981845396166205
2025-03-27 00:00:00+00:00,0.5899287661798841,-0.03279999999999994,1,0.6820275272068578,-0.03279999999999994
2025-04-01 00:00:00+00:00,0.5839949097212852,-0.01005859825589428,1,0.601481816625782,-0.01005859825589428
2025-04-02 00:00:00+00:00,0.5851381297729419,0.001957585644371873,1,0.5761143319264747,0.001957585644371873
2025-04-03 00:00:00+00:00,0.5852470078730997,0.00018607247522917092,1,0.5376593768618761,0.00018607247522917092
2025-04-04 00:00:00+00:00,0.5808646643417491,-0.0074880238128458565,1,0.550358066578971,-0.0074880238128458565
2025-04-05 00:00:00+00:00,0.5420224021104616,-0.06686972820993442,1,0.5661554014567189,-0.06686972820993442
2025-04-06 00:00:00+00:00,0.554107871227975,0.022296991914829478,1,0.5405546288299182,0.022296991914829478
2025-04-10 00:00:00+00:00,0.5698599171540515,0.028427760629293974,1,0.5336714987358543,0.028427760629293974
2025-04-12 00:00:00+00:00,0.5584225781500429,-0.0200704395233271,1,0.6044415899788284,-0.0200704395233271
2025-04-13 00:00:00+00:00,0.5898477668076914,0.056274924917532276,1,0.5833361381556544,0.056274924917532276
2025-04-14 00:00:00+00:00,0.5897297972543298,-0.0002,0,0.4537515437680478,0.0028899039806096205
2025-04-18 00:00:00+00:00,0.5909829333121167,0.0021249325769552075,1,0.5172358787258868,0.0023249325769552076
2025-04-26 00:00:00+00:00,0.6015375757138584,0.017859470733933014,1,0.7085150581520305,0.017859470733933014
2025-05-01 00:00:00+00:00,0.6217354796856335,0.033577127659574435,1,0.5845037555271048,0.033577127659574435
2025-05-02 00:00:00+00:00,0.6216111325896964,-0.0002,0,0.3890736702445638,-0.011507808870304892
2025-05-03 00:00:00+00:00,0.6216111325896964,0.0,0,0.4852935807560378,0.005857044723236671
2025-05-04 00:00:00+00:00,0.6216111325896964,-0.0,0,0.3789414379641952,-0.001940979835376
2025-05-05 00:00:00+00:00,0.6216111325896964,0.0,0,0.363151807591617,0.024993697554651195
2025-05-06 00:00:00+00:00,0.6216111325896964,-0.0,0,0.2666784843141092,-0.0048136045817083195
2025-05-08 00:00:00+00:00,0.6216111325896964,0.0,0,0.3245310642521333,0.05819203371124715
2025-05-10 00:00:00+00:00,0.6216111325896964,0.0,0,0.4231654083953623,0.018403778909269475
2025-05-11 00:00:00+00:00,0.6216111325896964,0.0,0,0.4933612247831712,0.014065417745918962
2025-05-12 00:00:00+00:00,0.6216111325896964,0.0,0,0.491551437463683,0.014464344055362455
2025-05-14 00:00:00+00:00,0.6136247953324834,-0.01284780281193012,1,0.535438169851478,-0.01264780281193012
2025-05-19 00:00:00+00:00,0.6306232077534858,0.027701638770630366,1,0.6929332318028133,0.027701638770630366
2025-05-27 00:00:00+00:00,0.5889582735743084,-0.0660694590159524,1,0.5323927191766559,-0.0660694590159524
2025-06-01 00:00:00+00:00,0.6071118509995265,0.030823197906782784,1,0.6829377090602435,0.030823197906782784
2025-06-02 00:00:00+00:00,0.5828619229464367,-0.03994309782153915,1,0.6844635418461953,-0.03994309782153915
2025-06-03 00:00:00+00:00,0.5309752053803284,-0.08902059908771309,1,0.8495282351216511,-0.08902059908771309
2025-06-04 00:00:00+00:00,0.5367667384768066,0.010907351299633383,1,0.8301047435600005,0.010907351299633383
2025-06-05 00:00:00+00:00,0.5469781257784916,0.01902388238634556,1,0.6970519195989258,0.01902388238634556
2025-06-06 00:00:00+00:00,0.5550219217458223,0.014705882352941124,1,0.7652948028527281,0.014705882352941124
2025-06-10 00:00:00+00:00,0.5419034302200056,-0.023635988078727577,1,0.851128779601683,-0.023635988078727577
2025-06-12 00:00:00+00:00,0.5327633415829008,-0.01686663735159244,1,0.8535483556959741,-0.01686663735159244
2025-06-13 00:00:00+00:00,0.5317250819798033,-0.0019488195265326969,1,0.7416474936680548,-0.0019488195265326969
2025-06-14 00:00:00+00:00,0.5356057900044959,0.007298335467349704,1,0.733403990195491,0.007298335467349704
2025-06-18 00:00:00+00:00,0.527077467358967,-0.015922760367204747,1,0.7548222238900747,-0.015922760367204747
2025-06-26 00:00:00+00:00,0.520651755533609,-0.012191209496310584,1,0.6601170421799695,-0.012191209496310584
2025-07-01 00:00:00+00:00,0.5398761813511808,0.03692377028071081,1,0.6323553978347157,0.03692377028071081
2025-07-02 00:00:00+00:00,0.536825749355716,-0.005650243705566438,1,0.513664498770118,-0.005650243705566438
2025-07-03 00:00:00+00:00,0.5252776853728851,-0.021511754972056707,1,0.557654553965643,-0.021511754972056707
2025-07-04 00:00:00+00:00,0.5304064336729521,0.009763880025526417,1,0.6650882144869311,0.009763880025526417
2025-07-05 00:00:00+00:00,0.5353675758194224,0.009353472792770212,1,0.6655829528872473,0.009353472792770212
2025-07-06 00:00:00+00:00,0.5296857272124853,-0.010612986037192518,1,0.7097457806671713,-0.010612986037192518
2025-07-08 00:00:00+00:00,0.544318944817523,0.027626225992620546,1,0.6313646834494496,0.027626225992620546
2025-07-10 00:00:00+00:00,0.5506226384799319,0.011580882352941302,1,0.7015208165172891,0.011580882352941302
2025-07-11 00:00:00+00:00,0.5544915721563309,0.007026470410079311,1,0.6724646342034265,0.007026470410079311
2025-07-12 00:00:00+00:00,0.5615957348552361,0.012812030075187941,1,0.7108721372939293,0.012812030075187941
2025-07-14 00:00:00+00:00,0.5451659423509819,-0.029255550718328194,1,0.5925584913435984,-0.029255550718328194
2025-07-19 00:00:00+00:00,0.5486589732751362,0.0064072801560033366,1,0.6626320052411784,0.0064072801560033366
2025-07-27 00:00:00+00:00,0.5314996849558093,-0.03127496159754228,1,0.6941771185430293,-0.03127496159754228
2025-08-01 00:00:00+00:00,0.5273863255715826,-0.007739156768397315,1,0.6988230478531763,-0.007739156768397315
2025-08-02 00:00:00+00:00,0.5428919020329941,0.029400793516226376,1,0.6825336607042487,0.029400793516226376
2025-08-03 00:00:00+00:00,0.5452526126361155,0.00434839899855044,1,0.6787622609718672,0.00434839899855044
2025-08-04 00:00:00+00:00,0.5219137691734373,-0.042803726056153235,1,0.6932029564598554,-0.042803726056153235
2025-08-05 00:00:00+00:00,0.5109865405483828,-0.02093684679436647,1,0.7074137143753654,-0.02093684679436647
2025-08-06 00:00:00+00:00,0.47732853028266603,-0.0658686826263476,1,0.7146670472348429,-0.0658686826263476
2025-08-08 00:00:00+00:00,0.4772330645766095,-0.0002,0,0.4574346876059986,-0.0002553253574556491
2025-08-10 00:00:00+00:00,0.4754829680361833,-0.0036671736942176735,1,0.6636499943191804,-0.0034671736942176734
2025-08-11 00:00:00+00:00,0.45068598870799625,-0.052151141040029936,1,0.6404019441401735,-0.052151141040029936
2025-08-12 00:00:00+00:00,0.44757302501902013,-0.006907167666561409,1,0.6124325195775207,-0.006907167666561409
2025-08-14 00:00:00+00:00,0.43505995294104827,-0.02795760999546415,1,0.6282506518218774,-0.02795760999546415
