date,symbol,weight
2024-08-12 00:00:00+00:00,TRXUSDT,0.2794607824645248
2024-08-12 00:00:00+00:00,XMRUSDT.P,0.186351918762593
2024-08-12 00:00:00+00:00,BTCUSDT,0.18361896248192217
2024-08-12 00:00:00+00:00,XLMUSDT,0.1791339952439228
2024-08-12 00:00:00+00:00,BNBUSDT,0.1714343410470374
2024-08-14 00:00:00+00:00,TRXUSDT,0.28800981288876587
2024-08-14 00:00:00+00:00,XMRUSDT.P,0.18999263706112512
2024-08-14 00:00:00+00:00,XLMUSDT,0.18269348192975313
2024-08-14 00:00:00+00:00,BNBUSDT,0.1712004790459748
2024-08-14 00:00:00+00:00,BTCUSDT,0.16810358907438114
2024-08-19 00:00:00+00:00,TRXUSDT,0.27137507815856454
2024-08-19 00:00:00+00:00,XMRUSDT.P,0.2219815184168096
2024-08-19 00:00:00+00:00,XLMUSDT,0.17629651871768418
2024-08-19 00:00:00+00:00,BNBUSDT,0.17432515450220307
2024-08-19 00:00:00+00:00,BTCUSDT,0.15602173020473856
2024-08-27 00:00:00+00:00,XMRUSDT.P,0.21175030218708082
2024-08-27 00:00:00+00:00,BTCUSDT,0.19907948504799908
2024-08-27 00:00:00+00:00,BNBUSDT,0.1983223895092516
2024-08-27 00:00:00+00:00,ETCUSDT,0.19730096567586497
2024-08-27 00:00:00+00:00,LTCUSDT,0.19354685757980353
2024-09-01 00:00:00+00:00,XLMUSDT,0.2287197062985821
2024-09-01 00:00:00+00:00,BTCUSDT,0.20807263395449052
2024-09-01 00:00:00+00:00,LTCUSDT,0.19528257126628523
2024-09-01 00:00:00+00:00,BNBUSDT,0.18927528074102212
2024-09-01 00:00:00+00:00,XMRUSDT.P,0.17864980773962003
2024-09-02 00:00:00+00:00,XLMUSDT,0.23246703376717273
2024-09-02 00:00:00+00:00,BTCUSDT,0.20680160316158444
2024-09-02 00:00:00+00:00,BNBUSDT,0.19198207153281996
2024-09-02 00:00:00+00:00,LTCUSDT,0.18854125506253794
2024-09-02 00:00:00+00:00,XMRUSDT.P,0.18020803647588493
2024-09-03 00:00:00+00:00,XLMUSDT,0.22708872893647375
2024-09-03 00:00:00+00:00,BTCUSDT,0.20088007853309003
2024-09-03 00:00:00+00:00,TRXUSDT,0.19420402419240804
2024-09-03 00:00:00+00:00,LTCUSDT,0.19324455574797808
2024-09-03 00:00:00+00:00,BNBUSDT,0.1845826125900501
2024-09-04 00:00:00+00:00,XLMUSDT,0.2185051565997461
2024-09-04 00:00:00+00:00,TRXUSDT,0.21561273134649148
2024-09-04 00:00:00+00:00,BTCUSDT,0.20071242488481617
2024-09-04 00:00:00+00:00,LTCUSDT,0.18655095914314287
2024-09-04 00:00:00+00:00,BNBUSDT,0.17861872802580336
2024-09-05 00:00:00+00:00,TRXUSDT,0.24109301793312965
2024-09-05 00:00:00+00:00,XLMUSDT,0.2120302842959527
2024-09-05 00:00:00+00:00,BTCUSDT,0.18506091246195683
2024-09-05 00:00:00+00:00,BNBUSDT,0.1811549706843102
2024-09-05 00:00:00+00:00,XMRUSDT.P,0.1806608146246507
2024-09-06 00:00:00+00:00,TRXUSDT,0.25383401017792023
2024-09-06 00:00:00+00:00,BTCUSDT,0.19647031449843821
2024-09-06 00:00:00+00:00,XMRUSDT.P,0.19101566075037213
2024-09-06 00:00:00+00:00,BNBUSDT,0.18405228502967572
2024-09-06 00:00:00+00:00,LTCUSDT,0.17462772954359376
2024-09-10 00:00:00+00:00,TRXUSDT,0.26742204851137674
2024-09-10 00:00:00+00:00,XLMUSDT,0.22045932722017486
2024-09-10 00:00:00+00:00,BTCUSDT,0.1764369704246612
2024-09-10 00:00:00+00:00,BNBUSDT,0.17370157327253186
2024-09-10 00:00:00+00:00,XMRUSDT.P,0.16198008057125526
2024-09-12 00:00:00+00:00,TRXUSDT,0.27322478433087016
2024-09-12 00:00:00+00:00,BTCUSDT,0.19249106498841645
2024-09-12 00:00:00+00:00,BNBUSDT,0.1858998974295194
2024-09-12 00:00:00+00:00,XMRUSDT.P,0.1808371067078728
2024-09-12 00:00:00+00:00,LTCUSDT,0.1675471465433211
2024-09-13 00:00:00+00:00,TRXUSDT,0.26384052649798484
2024-09-13 00:00:00+00:00,XLMUSDT,0.21803352938281126
2024-09-13 00:00:00+00:00,BTCUSDT,0.17790602331474145
2024-09-13 00:00:00+00:00,BNBUSDT,0.17209826813853987
2024-09-13 00:00:00+00:00,XMRUSDT.P,0.1681216526659225
2024-09-14 00:00:00+00:00,TRXUSDT,0.26515866993465415
2024-09-14 00:00:00+00:00,XLMUSDT,0.21761453043748225
2024-09-14 00:00:00+00:00,XMRUSDT.P,0.17853738943006828
2024-09-14 00:00:00+00:00,BTCUSDT,0.17114628884441674
2024-09-14 00:00:00+00:00,BNBUSDT,0.1675431213533787
2024-09-18 00:00:00+00:00,TRXUSDT,0.2710945094286081
2024-09-18 00:00:00+00:00,XLMUSDT,0.21255186866624426
2024-09-18 00:00:00+00:00,XMRUSDT.P,0.18044689735880912
2024-09-18 00:00:00+00:00,ETCUSDT,0.1710576707022808
2024-09-18 00:00:00+00:00,BNBUSDT,0.16484905384405762
2024-09-26 00:00:00+00:00,TRXUSDT,0.2762516893024892
2024-09-26 00:00:00+00:00,XMRUSDT.P,0.20016216089581665
2024-09-26 00:00:00+00:00,XLMUSDT,0.19655444894324647
2024-09-26 00:00:00+00:00,BTCUSDT,0.16396856861374673
2024-09-26 00:00:00+00:00,LTCUSDT,0.16306313224470093
2024-10-01 00:00:00+00:00,TRXUSDT,0.29362650562430814
2024-10-01 00:00:00+00:00,BTCUSDT,0.20435686629326583
2024-10-01 00:00:00+00:00,XLMUSDT,0.17534457443683624
2024-10-01 00:00:00+00:00,LTCUSDT,0.16385857209279173
2024-10-01 00:00:00+00:00,XMRUSDT.P,0.16281348155279812
2024-10-02 00:00:00+00:00,TRXUSDT,0.2976558106247188
2024-10-02 00:00:00+00:00,BTCUSDT,0.21876060368494601
2024-10-02 00:00:00+00:00,XLMUSDT,0.17310757773586832
2024-10-02 00:00:00+00:00,BNBUSDT,0.16234472096568964
2024-10-02 00:00:00+00:00,XMRUSDT.P,0.14813128698877726
2024-10-03 00:00:00+00:00,TRXUSDT,0.29292859805144605
2024-10-03 00:00:00+00:00,BTCUSDT,0.2231233552147455
2024-10-03 00:00:00+00:00,XLMUSDT,0.16990586742734692
2024-10-03 00:00:00+00:00,BNBUSDT,0.16297805264431434
2024-10-03 00:00:00+00:00,XMRUSDT.P,0.1510641266621472
2024-10-04 00:00:00+00:00,TRXUSDT,0.2909344759385566
2024-10-04 00:00:00+00:00,BTCUSDT,0.2231834237381142
2024-10-04 00:00:00+00:00,XLMUSDT,0.16864661157982025
2024-10-04 00:00:00+00:00,BNBUSDT,0.16483137991133678
2024-10-04 00:00:00+00:00,ETHUSDT,0.15240410883217217
2024-10-05 00:00:00+00:00,TRXUSDT,0.28277041962590194
2024-10-05 00:00:00+00:00,BTCUSDT,0.22024979903345282
2024-10-05 00:00:00+00:00,XLMUSDT,0.17183653233747226
2024-10-05 00:00:00+00:00,BNBUSDT,0.16980901941188492
2024-10-05 00:00:00+00:00,ETHUSDT,0.15533422959128804
2024-10-06 00:00:00+00:00,TRXUSDT,0.27789425202783935
2024-10-06 00:00:00+00:00,BTCUSDT,0.21452683322088478
2024-10-06 00:00:00+00:00,LTCUSDT,0.1725477275484035
2024-10-06 00:00:00+00:00,XLMUSDT,0.16823256357263644
2024-10-06 00:00:00+00:00,BNBUSDT,0.16679862363023584
2024-10-08 00:00:00+00:00,TRXUSDT,0.2739423160165338
2024-10-08 00:00:00+00:00,BTCUSDT,0.2200212965854312
2024-10-08 00:00:00+00:00,BNBUSDT,0.17424736961541473
2024-10-08 00:00:00+00:00,LTCUSDT,0.16795368185680576
2024-10-08 00:00:00+00:00,ETHUSDT,0.1638353359258145
2024-10-10 00:00:00+00:00,TRXUSDT,0.2745502847838457
2024-10-10 00:00:00+00:00,BTCUSDT,0.21403296063186222
2024-10-10 00:00:00+00:00,BNBUSDT,0.1741754340738574
2024-10-10 00:00:00+00:00,XLMUSDT,0.1694149867814143
2024-10-10 00:00:00+00:00,LTCUSDT,0.16782633372902028
2024-10-11 00:00:00+00:00,TRXUSDT,0.27241013771146855
2024-10-11 00:00:00+00:00,BTCUSDT,0.20626422576683023
2024-10-11 00:00:00+00:00,BNBUSDT,0.1763395160676342
2024-10-11 00:00:00+00:00,LTCUSDT,0.17559724476628205
2024-10-11 00:00:00+00:00,XLMUSDT,0.16938887568778502
2024-10-12 00:00:00+00:00,TRXUSDT,0.2658519869814169
2024-10-12 00:00:00+00:00,BTCUSDT,0.20100392285034804
2024-10-12 00:00:00+00:00,BNBUSDT,0.18305799908569803
2024-10-12 00:00:00+00:00,LTCUSDT,0.17630744162650225
2024-10-12 00:00:00+00:00,XLMUSDT,0.1737786494560348
2024-10-14 00:00:00+00:00,TRXUSDT,0.2629524478911088
2024-10-14 00:00:00+00:00,BTCUSDT,0.1904899268468794
2024-10-14 00:00:00+00:00,XLMUSDT,0.18966607085721832
2024-10-14 00:00:00+00:00,BNBUSDT,0.1856210585459713
2024-10-14 00:00:00+00:00,LTCUSDT,0.17127049585882226
2024-10-19 00:00:00+00:00,TRXUSDT,0.26113683918679526
2024-10-19 00:00:00+00:00,XLMUSDT,0.20059626662650382
2024-10-19 00:00:00+00:00,BNBUSDT,0.19349205568220232
2024-10-19 00:00:00+00:00,BTCUSDT,0.18520095950329762
2024-10-19 00:00:00+00:00,ETHUSDT,0.15957387900120096
2024-10-27 00:00:00+00:00,TRXUSDT,0.2662639247292362
2024-10-27 00:00:00+00:00,BNBUSDT,0.19135098232479603
2024-10-27 00:00:00+00:00,BTCUSDT,0.19060518460647927
2024-10-27 00:00:00+00:00,XLMUSDT,0.1785517377687741
2024-10-27 00:00:00+00:00,XMRUSDT.P,0.17322817057071455
2024-11-01 00:00:00+00:00,TRXUSDT,0.26205587441516587
2024-11-01 00:00:00+00:00,XLMUSDT,0.19395475476296767
2024-11-01 00:00:00+00:00,BNBUSDT,0.18816232646263384
2024-11-01 00:00:00+00:00,BTCUSDT,0.18038369345909075
2024-11-01 00:00:00+00:00,XMRUSDT.P,0.1754433509001419
2024-11-02 00:00:00+00:00,TRXUSDT,0.2642634184510164
2024-11-02 00:00:00+00:00,XLMUSDT,0.1968706869194818
2024-11-02 00:00:00+00:00,BNBUSDT,0.1855962222744898
2024-11-02 00:00:00+00:00,BTCUSDT,0.1842722829911149
2024-11-02 00:00:00+00:00,XMRUSDT.P,0.16899738936389716
2024-11-03 00:00:00+00:00,TRXUSDT,0.26321042510271037
2024-11-03 00:00:00+00:00,XLMUSDT,0.1888129198796166
2024-11-03 00:00:00+00:00,BTCUSDT,0.18621269016957068
2024-11-03 00:00:00+00:00,BNBUSDT,0.18329424364197194
2024-11-03 00:00:00+00:00,XMRUSDT.P,0.17846972120613044
2024-11-04 00:00:00+00:00,TRXUSDT,0.26190431830067024
2024-11-04 00:00:00+00:00,XMRUSDT.P,0.1893954571451836
2024-11-04 00:00:00+00:00,XLMUSDT,0.18925104557794106
2024-11-04 00:00:00+00:00,BTCUSDT,0.18097985136294054
2024-11-04 00:00:00+00:00,BNBUSDT,0.17846932761326462
2024-11-05 00:00:00+00:00,TRXUSDT,0.26137711643241107
2024-11-05 00:00:00+00:00,XLMUSDT,0.1937331553247328
2024-11-05 00:00:00+00:00,XMRUSDT.P,0.18785972118565306
2024-11-05 00:00:00+00:00,BNBUSDT,0.17934712920092408
2024-11-05 00:00:00+00:00,BTCUSDT,0.17768287785627915
2024-11-06 00:00:00+00:00,TRXUSDT,0.25942682000693806
2024-11-06 00:00:00+00:00,XLMUSDT,0.1978645340031663
2024-11-06 00:00:00+00:00,XMRUSDT.P,0.1881238917980543
2024-11-06 00:00:00+00:00,BNBUSDT,0.18388860659108464
2024-11-06 00:00:00+00:00,BTCUSDT,0.17069614760075666
2024-11-10 00:00:00+00:00,TRXUSDT,0.2661593216500023
2024-11-10 00:00:00+00:00,XMRUSDT.P,0.19192863705079022
2024-11-10 00:00:00+00:00,XLMUSDT,0.18322747808053422
2024-11-10 00:00:00+00:00,BTCUSDT,0.18022074025349624
2024-11-10 00:00:00+00:00,BNBUSDT,0.17846382296517696
2024-11-12 00:00:00+00:00,TRXUSDT,0.2583224767424297
2024-11-12 00:00:00+00:00,BTCUSDT,0.2015927656392108
2024-11-12 00:00:00+00:00,XMRUSDT.P,0.1951125284874594
2024-11-12 00:00:00+00:00,BNBUSDT,0.17469224710076084
2024-11-12 00:00:00+00:00,XLMUSDT,0.17027998203013928
2024-11-13 00:00:00+00:00,TRXUSDT,0.2502227086054183
2024-11-13 00:00:00+00:00,XMRUSDT.P,0.20655966247600624
2024-11-13 00:00:00+00:00,BTCUSDT,0.20446445103948674
2024-11-13 00:00:00+00:00,BNBUSDT,0.1788640845208901
2024-11-13 00:00:00+00:00,ETHUSDT,0.15988909335819868
2024-11-14 00:00:00+00:00,TRXUSDT,0.2453684758533234
2024-11-14 00:00:00+00:00,XMRUSDT.P,0.2141575904381746
2024-11-14 00:00:00+00:00,BTCUSDT,0.20105726427713935
2024-11-14 00:00:00+00:00,BNBUSDT,0.179089645821669
2024-11-14 00:00:00+00:00,LTCUSDT,0.1603270236096937
2024-11-18 00:00:00+00:00,TRXUSDT,0.2183923572998512
2024-11-18 00:00:00+00:00,XMRUSDT.P,0.21502614796554176
2024-11-18 00:00:00+00:00,BTCUSDT,0.2122893851864294
2024-11-18 00:00:00+00:00,BNBUSDT,0.18293354555957644
2024-11-18 00:00:00+00:00,ETHUSDT,0.17135856398860128
2024-11-26 00:00:00+00:00,BTCUSDT,0.25145751898298174
2024-11-26 00:00:00+00:00,XMRUSDT.P,0.2023317188766185
2024-11-26 00:00:00+00:00,ETHUSDT,0.19331459971371706
2024-11-26 00:00:00+00:00,BNBUSDT,0.1894958327555678
2024-11-26 00:00:00+00:00,TRXUSDT,0.16340032967111495
2024-12-01 00:00:00+00:00,BTCUSDT,0.2533494240250556
2024-12-01 00:00:00+00:00,XMRUSDT.P,0.1985499959118945
2024-12-01 00:00:00+00:00,BNBUSDT,0.18998343856624617
2024-12-01 00:00:00+00:00,TRXUSDT,0.18042827718353624
2024-12-01 00:00:00+00:00,ETHUSDT,0.17768886431326755
2024-12-02 00:00:00+00:00,BTCUSDT,0.25343663411277234
2024-12-02 00:00:00+00:00,XMRUSDT.P,0.19801248163009655
2024-12-02 00:00:00+00:00,BNBUSDT,0.18616935230969614
2024-12-02 00:00:00+00:00,TRXUSDT,0.18489501203964187
2024-12-02 00:00:00+00:00,ETHUSDT,0.17748651990779304
2024-12-03 00:00:00+00:00,BTCUSDT,0.26034391382569533
2024-12-03 00:00:00+00:00,ETHUSDT,0.19442599730496318
2024-12-03 00:00:00+00:00,BNBUSDT,0.18910288777274825
2024-12-03 00:00:00+00:00,XMRUSDT.P,0.1876401691552604
2024-12-03 00:00:00+00:00,TRXUSDT,0.16848703194133288
2024-12-04 00:00:00+00:00,BTCUSDT,0.26575083963766377
2024-12-04 00:00:00+00:00,ETHUSDT,0.21276201248579135
2024-12-04 00:00:00+00:00,BNBUSDT,0.18932660090101083
2024-12-04 00:00:00+00:00,XMRUSDT.P,0.17328764195450205
2024-12-04 00:00:00+00:00,SOLUSDT,0.15887290502103205
2024-12-05 00:00:00+00:00,BTCUSDT,0.2566149261540349
2024-12-05 00:00:00+00:00,ETHUSDT,0.2204270526712117
2024-12-05 00:00:00+00:00,BNBUSDT,0.1878592893082542
2024-12-05 00:00:00+00:00,SOLUSDT,0.17800585702419272
2024-12-05 00:00:00+00:00,XMRUSDT.P,0.1570928748423064
2024-12-06 00:00:00+00:00,BTCUSDT,0.2555402172617918
2024-12-06 00:00:00+00:00,ETHUSDT,0.22296735533328724
2024-12-06 00:00:00+00:00,BNBUSDT,0.18748637463139817
2024-12-06 00:00:00+00:00,SOLUSDT,0.17716123575961437
2024-12-06 00:00:00+00:00,XMRUSDT.P,0.15684481701390837
2024-12-08 00:00:00+00:00,BTCUSDT,0.2533335134108565
2024-12-08 00:00:00+00:00,ETHUSDT,0.22572406667724246
2024-12-08 00:00:00+00:00,BNBUSDT,0.19119673660199202
2024-12-08 00:00:00+00:00,SOLUSDT,0.17701789806809323
2024-12-08 00:00:00+00:00,BCHUSDT,0.1527277852418157
2024-12-10 00:00:00+00:00,BTCUSDT,0.2620080063815283
2024-12-10 00:00:00+00:00,ETHUSDT,0.2246055027190192
2024-12-10 00:00:00+00:00,BNBUSDT,0.19343600416083775
2024-12-10 00:00:00+00:00,SOLUSDT,0.18648791691997615
2024-12-10 00:00:00+00:00,BCHUSDT,0.13346256981863858
2024-12-11 00:00:00+00:00,BTCUSDT,0.26075453637696566
2024-12-11 00:00:00+00:00,ETHUSDT,0.2322783609063088
2024-12-11 00:00:00+00:00,BNBUSDT,0.18866738676182027
2024-12-11 00:00:00+00:00,SOLUSDT,0.18564792388441992
2024-12-11 00:00:00+00:00,BCHUSDT,0.13265179207048544
2024-12-12 00:00:00+00:00,BTCUSDT,0.2589658192354481
2024-12-12 00:00:00+00:00,ETHUSDT,0.23153359691717196
2024-12-12 00:00:00+00:00,SOLUSDT,0.18879393389180538
2024-12-12 00:00:00+00:00,BNBUSDT,0.1871015724012929
2024-12-12 00:00:00+00:00,AVAXUSDT,0.13360507755428172
2024-12-14 00:00:00+00:00,BTCUSDT,0.26021766456844153
2024-12-14 00:00:00+00:00,ETHUSDT,0.23646166234368124
2024-12-14 00:00:00+00:00,BNBUSDT,0.18716869778194678
2024-12-14 00:00:00+00:00,SOLUSDT,0.18306214823220565
2024-12-14 00:00:00+00:00,BCHUSDT,0.1330898270737248
2024-12-19 00:00:00+00:00,BTCUSDT,0.2633652486152141
2024-12-19 00:00:00+00:00,BNBUSDT,0.22597210934002745
2024-12-19 00:00:00+00:00,ETHUSDT,0.208894665988361
2024-12-19 00:00:00+00:00,SOLUSDT,0.16939502194664294
2024-12-19 00:00:00+00:00,BCHUSDT,0.13237295410975458
2024-12-27 00:00:00+00:00,BTCUSDT,0.252589359943151
2024-12-27 00:00:00+00:00,BNBUSDT,0.23543119761898285
2024-12-27 00:00:00+00:00,TRXUSDT,0.18733425663255418
2024-12-27 00:00:00+00:00,ETHUSDT,0.18121876764947398
2024-12-27 00:00:00+00:00,BCHUSDT,0.14342641815583798
2025-01-01 00:00:00+00:00,BTCUSDT,0.24458651820904495
2025-01-01 00:00:00+00:00,TRXUSDT,0.22588936238009036
2025-01-01 00:00:00+00:00,BNBUSDT,0.20665341417823654
2025-01-01 00:00:00+00:00,ETHUSDT,0.17760527297648301
2025-01-01 00:00:00+00:00,BCHUSDT,0.14526543225614522
2025-01-02 00:00:00+00:00,BTCUSDT,0.24074297051252128
2025-01-02 00:00:00+00:00,TRXUSDT,0.2264031459041925
2025-01-02 00:00:00+00:00,BNBUSDT,0.20146773144955418
2025-01-02 00:00:00+00:00,ETHUSDT,0.17985118215917958
2025-01-02 00:00:00+00:00,BCHUSDT,0.15153496997455246
2025-01-03 00:00:00+00:00,TRXUSDT,0.2357628696402396
2025-01-03 00:00:00+00:00,BTCUSDT,0.2293514042121826
2025-01-03 00:00:00+00:00,BNBUSDT,0.19951509504383047
2025-01-03 00:00:00+00:00,ETHUSDT,0.18003634884492506
2025-01-03 00:00:00+00:00,XMRUSDT.P,0.15533428225882226
2025-01-04 00:00:00+00:00,TRXUSDT,0.2333977614588525
2025-01-04 00:00:00+00:00,BTCUSDT,0.2248286127958081
2025-01-04 00:00:00+00:00,BNBUSDT,0.20268351863193063
2025-01-04 00:00:00+00:00,ETHUSDT,0.18567515516780678
2025-01-04 00:00:00+00:00,BCHUSDT,0.15341495194560198
2025-01-05 00:00:00+00:00,BTCUSDT,0.22742338030220322
2025-01-05 00:00:00+00:00,TRXUSDT,0.22287921336912406
2025-01-05 00:00:00+00:00,BNBUSDT,0.2070811145544429
2025-01-05 00:00:00+00:00,ETHUSDT,0.1889972402792011
2025-01-05 00:00:00+00:00,XMRUSDT.P,0.1536190514950288
2025-01-06 00:00:00+00:00,BTCUSDT,0.22095490558903444
2025-01-06 00:00:00+00:00,TRXUSDT,0.21951982015843174
2025-01-06 00:00:00+00:00,BNBUSDT,0.2141122748303294
2025-01-06 00:00:00+00:00,ETHUSDT,0.19267877801053268
2025-01-06 00:00:00+00:00,BCHUSDT,0.15273422141167176
2025-01-08 00:00:00+00:00,BTCUSDT,0.22788642528161607
2025-01-08 00:00:00+00:00,BNBUSDT,0.21601539634445657
2025-01-08 00:00:00+00:00,TRXUSDT,0.21246606414420285
2025-01-08 00:00:00+00:00,ETHUSDT,0.1817886249722216
2025-01-08 00:00:00+00:00,XMRUSDT.P,0.16184348925750294
2025-01-10 00:00:00+00:00,BTCUSDT,0.2308507115545781
2025-01-10 00:00:00+00:00,BNBUSDT,0.22591738936397096
2025-01-10 00:00:00+00:00,TRXUSDT,0.20644388736688876
2025-01-10 00:00:00+00:00,ETHUSDT,0.17977538363178605
2025-01-10 00:00:00+00:00,BCHUSDT,0.15701262808277613
2025-01-11 00:00:00+00:00,BNBUSDT,0.24176841751701114
2025-01-11 00:00:00+00:00,BTCUSDT,0.22726364765845605
2025-01-11 00:00:00+00:00,TRXUSDT,0.20262714950784683
2025-01-11 00:00:00+00:00,ETHUSDT,0.17691213615537424
2025-01-11 00:00:00+00:00,XMRUSDT.P,0.1514286491613117
2025-01-12 00:00:00+00:00,BNBUSDT,0.25224802698851156
2025-01-12 00:00:00+00:00,BTCUSDT,0.2297446095071285
2025-01-12 00:00:00+00:00,TRXUSDT,0.19229202564721581
2025-01-12 00:00:00+00:00,ETHUSDT,0.17696943074183913
2025-01-12 00:00:00+00:00,BCHUSDT,0.148745907115305
2025-01-14 00:00:00+00:00,BNBUSDT,0.2533659112016031
2025-01-14 00:00:00+00:00,BTCUSDT,0.2382380897678935
2025-01-14 00:00:00+00:00,TRXUSDT,0.17913555474678247
2025-01-14 00:00:00+00:00,XMRUSDT.P,0.16641753809312332
2025-01-14 00:00:00+00:00,ETHUSDT,0.16284290619059755
2025-01-19 00:00:00+00:00,BNBUSDT,0.2548852523922337
2025-01-19 00:00:00+00:00,BTCUSDT,0.2526816814260393
2025-01-19 00:00:00+00:00,TRXUSDT,0.17588335918733386
2025-01-19 00:00:00+00:00,XMRUSDT.P,0.15871855872773044
2025-01-19 00:00:00+00:00,ETHUSDT,0.15783114826666275
2025-01-27 00:00:00+00:00,BNBUSDT,0.25994715725585404
2025-01-27 00:00:00+00:00,BTCUSDT,0.22856568601072885
2025-01-27 00:00:00+00:00,TRXUSDT,0.17880637864310026
2025-01-27 00:00:00+00:00,ETHUSDT,0.16880683592220025
2025-01-27 00:00:00+00:00,XMRUSDT.P,0.16387394216811654
2025-02-01 00:00:00+00:00,BNBUSDT,0.2542900688569791
2025-02-01 00:00:00+00:00,BTCUSDT,0.219646810998186
2025-02-01 00:00:00+00:00,TRXUSDT,0.18815360101459844
2025-02-01 00:00:00+00:00,XMRUSDT.P,0.17362780454739438
2025-02-01 00:00:00+00:00,ETHUSDT,0.1642817145828422
2025-02-02 00:00:00+00:00,BNBUSDT,0.25125742449938243
2025-02-02 00:00:00+00:00,BTCUSDT,0.23370462823853916
2025-02-02 00:00:00+00:00,TRXUSDT,0.18188778581130108
2025-02-02 00:00:00+00:00,XMRUSDT.P,0.17729018728768126
2025-02-02 00:00:00+00:00,ETHUSDT,0.15585997416309608
2025-02-03 00:00:00+00:00,BTCUSDT,0.25174639864406373
2025-02-03 00:00:00+00:00,BNBUSDT,0.22715748043562242
2025-02-03 00:00:00+00:00,TRXUSDT,0.2022152462086717
2025-02-03 00:00:00+00:00,XMRUSDT.P,0.17649678643385733
2025-02-03 00:00:00+00:00,ETHUSDT,0.14238408827778465
2025-02-04 00:00:00+00:00,BTCUSDT,0.2549857464597389
2025-02-04 00:00:00+00:00,TRXUSDT,0.2116895054029242
2025-02-04 00:00:00+00:00,BNBUSDT,0.20891465828750339
2025-02-04 00:00:00+00:00,XMRUSDT.P,0.18317491601852676
2025-02-04 00:00:00+00:00,ETHUSDT,0.14123517383130682
2025-02-06 00:00:00+00:00,BTCUSDT,0.25585214101283216
2025-02-06 00:00:00+00:00,TRXUSDT,0.2249968094097146
2025-02-06 00:00:00+00:00,BNBUSDT,0.20327916973900317
2025-02-06 00:00:00+00:00,XMRUSDT.P,0.1791513349932886
2025-02-06 00:00:00+00:00,ETHUSDT,0.13672054484516152
2025-02-08 00:00:00+00:00,BTCUSDT,0.2585590020568612
2025-02-08 00:00:00+00:00,TRXUSDT,0.23994294663562094
2025-02-08 00:00:00+00:00,BNBUSDT,0.20662002534894217
2025-02-08 00:00:00+00:00,XMRUSDT.P,0.1569315818078834
2025-02-08 00:00:00+00:00,ETHUSDT,0.13794644415069232
2025-02-09 00:00:00+00:00,BTCUSDT,0.25902803710726446
2025-02-09 00:00:00+00:00,TRXUSDT,0.24310946562122668
2025-02-09 00:00:00+00:00,BNBUSDT,0.20149755953875753
2025-02-09 00:00:00+00:00,XMRUSDT.P,0.16018404908810413
2025-02-09 00:00:00+00:00,ETHUSDT,0.13618088864464725
2025-02-10 00:00:00+00:00,BTCUSDT,0.2597218859902243
2025-02-10 00:00:00+00:00,TRXUSDT,0.24206373778814536
2025-02-10 00:00:00+00:00,BNBUSDT,0.20143196971229155
2025-02-10 00:00:00+00:00,XMRUSDT.P,0.1604011307001228
2025-02-10 00:00:00+00:00,ETHUSDT,0.13638127580921613
2025-02-11 00:00:00+00:00,BTCUSDT,0.25827549775693254
2025-02-11 00:00:00+00:00,TRXUSDT,0.23652448141589663
2025-02-11 00:00:00+00:00,BNBUSDT,0.20493691810518508
2025-02-11 00:00:00+00:00,XMRUSDT.P,0.1634840256239529
2025-02-11 00:00:00+00:00,BCHUSDT,0.1367790770980329
2025-02-12 00:00:00+00:00,BTCUSDT,0.25880126460972597
2025-02-12 00:00:00+00:00,TRXUSDT,0.23590203397902224
2025-02-12 00:00:00+00:00,BNBUSDT,0.20040158384493015
2025-02-12 00:00:00+00:00,XMRUSDT.P,0.16612939529285
2025-02-12 00:00:00+00:00,BCHUSDT,0.13876572227347167
2025-02-17 00:00:00+00:00,BTCUSDT,0.26187800681028883
2025-02-17 00:00:00+00:00,TRXUSDT,0.23692168391535676
2025-02-17 00:00:00+00:00,XMRUSDT.P,0.1763133269804051
2025-02-17 00:00:00+00:00,BNBUSDT,0.1641861117706945
2025-02-17 00:00:00+00:00,BCHUSDT,0.16070087052325466
2025-02-24 00:00:00+00:00,BTCUSDT,0.2602394548477481
2025-02-24 00:00:00+00:00,TRXUSDT,0.2344694913611835
2025-02-24 00:00:00+00:00,XMRUSDT.P,0.21313174786639086
2025-02-24 00:00:00+00:00,BNBUSDT,0.14889017554391606
2025-02-24 00:00:00+00:00,BCHUSDT,0.1432691303807617
2025-03-01 00:00:00+00:00,TRXUSDT,0.23196221615701962
2025-03-01 00:00:00+00:00,BTCUSDT,0.23077248121065225
2025-03-01 00:00:00+00:00,XMRUSDT.P,0.19664373700468224
2025-03-01 00:00:00+00:00,BNBUSDT,0.1860151927365418
2025-03-01 00:00:00+00:00,BCHUSDT,0.15460637289110418
2025-03-02 00:00:00+00:00,TRXUSDT,0.23171711341954299
2025-03-02 00:00:00+00:00,BTCUSDT,0.21919126538645056
2025-03-02 00:00:00+00:00,XMRUSDT.P,0.2027171276943152
2025-03-02 00:00:00+00:00,BNBUSDT,0.19171747852962162
2025-03-02 00:00:00+00:00,BCHUSDT,0.1546570149700697
2025-03-03 00:00:00+00:00,TRXUSDT,0.23832890432315762
2025-03-03 00:00:00+00:00,XMRUSDT.P,0.208576440672644
2025-03-03 00:00:00+00:00,BTCUSDT,0.205436875185481
2025-03-03 00:00:00+00:00,BNBUSDT,0.19062655298597708
2025-03-03 00:00:00+00:00,BCHUSDT,0.1570312268327403
2025-03-04 00:00:00+00:00,TRXUSDT,0.2426471631878317
2025-03-04 00:00:00+00:00,XMRUSDT.P,0.21442160375290964
2025-03-04 00:00:00+00:00,BTCUSDT,0.19858733020669975
2025-03-04 00:00:00+00:00,BNBUSDT,0.19463405979539342
2025-03-04 00:00:00+00:00,BCHUSDT,0.14970984305716556
2025-03-05 00:00:00+00:00,TRXUSDT,0.2395524065364753
2025-03-05 00:00:00+00:00,XMRUSDT.P,0.2174306880127794
2025-03-05 00:00:00+00:00,BNBUSDT,0.1971181256840878
2025-03-05 00:00:00+00:00,BTCUSDT,0.19530037498468455
2025-03-05 00:00:00+00:00,BCHUSDT,0.15059840478197298
2025-03-06 00:00:00+00:00,TRXUSDT,0.24337698319218212
2025-03-06 00:00:00+00:00,XMRUSDT.P,0.2264700747602716
2025-03-06 00:00:00+00:00,BNBUSDT,0.19610690057794308
2025-03-06 00:00:00+00:00,BTCUSDT,0.19012428858204902
2025-03-06 00:00:00+00:00,BCHUSDT,0.1439217528875542
2025-03-08 00:00:00+00:00,TRXUSDT,0.2512557526320195
2025-03-08 00:00:00+00:00,XMRUSDT.P,0.21332158352300282
2025-03-08 00:00:00+00:00,BNBUSDT,0.21025482610320476
2025-03-08 00:00:00+00:00,BTCUSDT,0.18150722868558605
2025-03-08 00:00:00+00:00,ETCUSDT,0.14366060905618686
2025-03-10 00:00:00+00:00,TRXUSDT,0.2550246110887468
2025-03-10 00:00:00+00:00,XMRUSDT.P,0.21591744775453067
2025-03-10 00:00:00+00:00,BNBUSDT,0.21224066668303984
2025-03-10 00:00:00+00:00,BTCUSDT,0.180277135187913
2025-03-10 00:00:00+00:00,BCHUSDT,0.1365401392857696
2025-03-11 00:00:00+00:00,TRXUSDT,0.25527272363428627
2025-03-11 00:00:00+00:00,XMRUSDT.P,0.2223616754166341
2025-03-11 00:00:00+00:00,BNBUSDT,0.2065425648444759
2025-03-11 00:00:00+00:00,BTCUSDT,0.18321925853077878
2025-03-11 00:00:00+00:00,ETCUSDT,0.1326037775738249
2025-03-12 00:00:00+00:00,TRXUSDT,0.2544387135752916
2025-03-12 00:00:00+00:00,XMRUSDT.P,0.21878750187145932
2025-03-12 00:00:00+00:00,BNBUSDT,0.21017352457561994
2025-03-12 00:00:00+00:00,BTCUSDT,0.18668288518052414
2025-03-12 00:00:00+00:00,ETCUSDT,0.12991737479710488
2025-03-14 00:00:00+00:00,TRXUSDT,0.2552899389554704
2025-03-14 00:00:00+00:00,XMRUSDT.P,0.22399981362005256
2025-03-14 00:00:00+00:00,BNBUSDT,0.20734937185202856
2025-03-14 00:00:00+00:00,BTCUSDT,0.18251939950501317
2025-03-14 00:00:00+00:00,ETCUSDT,0.13084147606743532
2025-03-19 00:00:00+00:00,TRXUSDT,0.2360807879800882
2025-03-19 00:00:00+00:00,XMRUSDT.P,0.21752718146988828
2025-03-19 00:00:00+00:00,BTCUSDT,0.20616480550397778
2025-03-19 00:00:00+00:00,BNBUSDT,0.18925590197057804
2025-03-19 00:00:00+00:00,ETHUSDT,0.15097132307546762
2025-03-27 00:00:00+00:00,XMRUSDT.P,0.2381323259740226
2025-03-27 00:00:00+00:00,BTCUSDT,0.2153816727013568
2025-03-27 00:00:00+00:00,BNBUSDT,0.19218215873542474
2025-03-27 00:00:00+00:00,TRXUSDT,0.18139025115276536
2025-03-27 00:00:00+00:00,ETCUSDT,0.17291359143643065
2025-04-01 00:00:00+00:00,TRXUSDT,0.22353967045186698
2025-04-01 00:00:00+00:00,XMRUSDT.P,0.22135159975447324
2025-04-01 00:00:00+00:00,BNBUSDT,0.2045158322954042
2025-04-01 00:00:00+00:00,BTCUSDT,0.20126311553841086
2025-04-01 00:00:00+00:00,ETCUSDT,0.14932978195984473
2025-04-02 00:00:00+00:00,TRXUSDT,0.24544015045459733
2025-04-02 00:00:00+00:00,XMRUSDT.P,0.2207512836655472
2025-04-02 00:00:00+00:00,BNBUSDT,0.20138013453732526
2025-04-02 00:00:00+00:00,BTCUSDT,0.19348775025982495
2025-04-02 00:00:00+00:00,ETCUSDT,0.13894068108270521
2025-04-03 00:00:00+00:00,TRXUSDT,0.25070651734243243
2025-04-03 00:00:00+00:00,XMRUSDT.P,0.21022785863133853
2025-04-03 00:00:00+00:00,BTCUSDT,0.20353004576264436
2025-04-03 00:00:00+00:00,BNBUSDT,0.197345312236295
2025-04-03 00:00:00+00:00,ETCUSDT,0.13819026602728954
2025-04-04 00:00:00+00:00,TRXUSDT,0.25205995341006526
2025-04-04 00:00:00+00:00,XMRUSDT.P,0.2177769838910199
2025-04-04 00:00:00+00:00,BTCUSDT,0.19798630516017607
2025-04-04 00:00:00+00:00,BNBUSDT,0.1970694175895774
2025-04-04 00:00:00+00:00,ETCUSDT,0.13510733994916138
2025-04-05 00:00:00+00:00,TRXUSDT,0.2541143523372027
2025-04-05 00:00:00+00:00,XMRUSDT.P,0.2135113818965874
2025-04-05 00:00:00+00:00,BNBUSDT,0.20109310693492102
2025-04-05 00:00:00+00:00,BTCUSDT,0.1965570518768415
2025-04-05 00:00:00+00:00,BCHUSDT,0.13472410695444756
2025-04-06 00:00:00+00:00,TRXUSDT,0.2634302292442885
2025-04-06 00:00:00+00:00,XMRUSDT.P,0.20714159890200465
2025-04-06 00:00:00+00:00,BTCUSDT,0.20303272987097712
2025-04-06 00:00:00+00:00,BNBUSDT,0.20112895907111686
2025-04-06 00:00:00+00:00,BCHUSDT,0.12526648291161277
2025-04-10 00:00:00+00:00,TRXUSDT,0.2617282813779659
2025-04-10 00:00:00+00:00,BNBUSDT,0.21427129150673196
2025-04-10 00:00:00+00:00,XMRUSDT.P,0.20425702497667975
2025-04-10 00:00:00+00:00,BTCUSDT,0.1895220662359073
2025-04-10 00:00:00+00:00,BCHUSDT,0.13022133590271506
2025-04-12 00:00:00+00:00,TRXUSDT,0.25578928999462874
2025-04-12 00:00:00+00:00,BNBUSDT,0.21887761825185467
2025-04-12 00:00:00+00:00,XMRUSDT.P,0.20820182754740849
2025-04-12 00:00:00+00:00,BTCUSDT,0.18670814069035296
2025-04-12 00:00:00+00:00,ETCUSDT,0.13042312351575522
2025-04-13 00:00:00+00:00,TRXUSDT,0.25721694846686055
2025-04-13 00:00:00+00:00,BNBUSDT,0.22249535213023
2025-04-13 00:00:00+00:00,XMRUSDT.P,0.20003240817207973
2025-04-13 00:00:00+00:00,BTCUSDT,0.18690724679392837
2025-04-13 00:00:00+00:00,BCHUSDT,0.13334804443690143
2025-04-14 00:00:00+00:00,TRXUSDT,0.2561131924454231
2025-04-14 00:00:00+00:00,BNBUSDT,0.22744569911491996
2025-04-14 00:00:00+00:00,XMRUSDT.P,0.19709399041880218
2025-04-14 00:00:00+00:00,BTCUSDT,0.1880315495286547
2025-04-14 00:00:00+00:00,ETCUSDT,0.13131556849220008
2025-04-18 00:00:00+00:00,BNBUSDT,0.23896992782073231
2025-04-18 00:00:00+00:00,TRXUSDT,0.23801181830792179
2025-04-18 00:00:00+00:00,BTCUSDT,0.19319438596914235
2025-04-18 00:00:00+00:00,XMRUSDT.P,0.19222262607422488
2025-04-18 00:00:00+00:00,ETCUSDT,0.13760124182797878
2025-04-26 00:00:00+00:00,BNBUSDT,0.2536711235411887
2025-04-26 00:00:00+00:00,BTCUSDT,0.21881155236858835
2025-04-26 00:00:00+00:00,TRXUSDT,0.20549018858010482
2025-04-26 00:00:00+00:00,XMRUSDT.P,0.19563664988943935
2025-04-26 00:00:00+00:00,ETHUSDT,0.12639048562067876
2025-05-01 00:00:00+00:00,BNBUSDT,0.2593272592749668
2025-05-01 00:00:00+00:00,BTCUSDT,0.2422851275975741
2025-05-01 00:00:00+00:00,TRXUSDT,0.2314757352812597
2025-05-01 00:00:00+00:00,ETHUSDT,0.1381241179559559
2025-05-01 00:00:00+00:00,SOLUSDT,0.12878775989024357
2025-05-02 00:00:00+00:00,BNBUSDT,0.2597071656096485
2025-05-02 00:00:00+00:00,TRXUSDT,0.24240397830055269
2025-05-02 00:00:00+00:00,BTCUSDT,0.23814837793131127
2025-05-02 00:00:00+00:00,ETHUSDT,0.13472546451896114
2025-05-02 00:00:00+00:00,SOLUSDT,0.12501501363952655
2025-05-03 00:00:00+00:00,BNBUSDT,0.2598957031933225
2025-05-03 00:00:00+00:00,TRXUSDT,0.23917488318393434
2025-05-03 00:00:00+00:00,BTCUSDT,0.23677783289771714
2025-05-03 00:00:00+00:00,ETHUSDT,0.13521419734013265
2025-05-03 00:00:00+00:00,SOLUSDT,0.12893738338489324
2025-05-04 00:00:00+00:00,BNBUSDT,0.2565484430271687
2025-05-04 00:00:00+00:00,TRXUSDT,0.2475232280377334
2025-05-04 00:00:00+00:00,BTCUSDT,0.23019781289990443
2025-05-04 00:00:00+00:00,ETHUSDT,0.1353025229944437
2025-05-04 00:00:00+00:00,SOLUSDT,0.13042799304074978
2025-05-05 00:00:00+00:00,BNBUSDT,0.2552559245587259
2025-05-05 00:00:00+00:00,TRXUSDT,0.24304874402920107
2025-05-05 00:00:00+00:00,BTCUSDT,0.23236484391293705
2025-05-05 00:00:00+00:00,ETHUSDT,0.13586193371099392
2025-05-05 00:00:00+00:00,SOLUSDT,0.1334685537881421
2025-05-06 00:00:00+00:00,BNBUSDT,0.2553093211823161
2025-05-06 00:00:00+00:00,BTCUSDT,0.24030485971521143
2025-05-06 00:00:00+00:00,TRXUSDT,0.2235690064474954
2025-05-06 00:00:00+00:00,ETHUSDT,0.14501587689576576
2025-05-06 00:00:00+00:00,SOLUSDT,0.13580093575921137
2025-05-08 00:00:00+00:00,BNBUSDT,0.2574672973411249
2025-05-08 00:00:00+00:00,BTCUSDT,0.23656521258373528
2025-05-08 00:00:00+00:00,TRXUSDT,0.2203390082482421
2025-05-08 00:00:00+00:00,SOLUSDT,0.1457140859055695
2025-05-08 00:00:00+00:00,ETHUSDT,0.13991439592132834
2025-05-10 00:00:00+00:00,BTCUSDT,0.2492635253593165
2025-05-10 00:00:00+00:00,BNBUSDT,0.2412084706129677
2025-05-10 00:00:00+00:00,TRXUSDT,0.23023680034357766
2025-05-10 00:00:00+00:00,SOLUSDT,0.14450984334373843
2025-05-10 00:00:00+00:00,XLMUSDT,0.13478136034039967
2025-05-11 00:00:00+00:00,BTCUSDT,0.251982289147979
2025-05-11 00:00:00+00:00,TRXUSDT,0.24068969689171377
2025-05-11 00:00:00+00:00,BNBUSDT,0.24011933499586519
2025-05-11 00:00:00+00:00,SOLUSDT,0.13922614383052662
2025-05-11 00:00:00+00:00,XLMUSDT,0.12798253513391553
2025-05-12 00:00:00+00:00,BTCUSDT,0.2523040296914569
2025-05-12 00:00:00+00:00,TRXUSDT,0.23822597373149443
2025-05-12 00:00:00+00:00,BNBUSDT,0.2298468040543133
2025-05-12 00:00:00+00:00,SOLUSDT,0.14621440456719423
2025-05-12 00:00:00+00:00,XLMUSDT,0.13340878795554115
2025-05-14 00:00:00+00:00,BTCUSDT,0.25488932831293387
2025-05-14 00:00:00+00:00,TRXUSDT,0.23634614439439858
2025-05-14 00:00:00+00:00,BNBUSDT,0.22517510834579876
2025-05-14 00:00:00+00:00,XMRUSDT.P,0.14391176923353347
2025-05-14 00:00:00+00:00,SOLUSDT,0.13967764971333532
2025-05-19 00:00:00+00:00,BTCUSDT,0.25590876888777453
2025-05-19 00:00:00+00:00,TRXUSDT,0.2229935699219388
2025-05-19 00:00:00+00:00,BNBUSDT,0.22259928368417026
2025-05-19 00:00:00+00:00,XMRUSDT.P,0.17365885881615106
2025-05-19 00:00:00+00:00,BCHUSDT,0.12483951868996533
2025-05-27 00:00:00+00:00,BTCUSDT,0.2514898030652885
2025-05-27 00:00:00+00:00,BNBUSDT,0.23971955396616618
2025-05-27 00:00:00+00:00,TRXUSDT,0.2286259736057688
2025-05-27 00:00:00+00:00,XLMUSDT,0.14292639402917365
2025-05-27 00:00:00+00:00,BCHUSDT,0.13723827533360278
2025-06-01 00:00:00+00:00,TRXUSDT,0.2400725143749034
2025-06-01 00:00:00+00:00,BTCUSDT,0.23811712588262518
2025-06-01 00:00:00+00:00,BNBUSDT,0.2346067946910053
2025-06-01 00:00:00+00:00,XLMUSDT,0.15357364843117988
2025-06-01 00:00:00+00:00,ETHUSDT,0.1336299166202863
2025-06-02 00:00:00+00:00,BTCUSDT,0.2444662954057346
2025-06-02 00:00:00+00:00,TRXUSDT,0.23191555171000053
2025-06-02 00:00:00+00:00,BNBUSDT,0.22926516855512977
2025-06-02 00:00:00+00:00,XLMUSDT,0.15837323440693674
2025-06-02 00:00:00+00:00,ETHUSDT,0.13597974992219847
2025-06-03 00:00:00+00:00,BTCUSDT,0.24490901166737225
2025-06-03 00:00:00+00:00,TRXUSDT,0.24034706831515076
2025-06-03 00:00:00+00:00,BNBUSDT,0.21988131810353756
2025-06-03 00:00:00+00:00,XLMUSDT,0.15850307080776926
2025-06-03 00:00:00+00:00,ETHUSDT,0.13635953110617013
2025-06-04 00:00:00+00:00,BTCUSDT,0.25012220542076763
2025-06-04 00:00:00+00:00,TRXUSDT,0.23690674679740137
2025-06-04 00:00:00+00:00,BNBUSDT,0.2251374187701255
2025-06-04 00:00:00+00:00,XLMUSDT,0.1517276701510275
2025-06-04 00:00:00+00:00,ETHUSDT,0.136105958860678
2025-06-05 00:00:00+00:00,TRXUSDT,0.25146615951279366
2025-06-05 00:00:00+00:00,BTCUSDT,0.24927407387143247
2025-06-05 00:00:00+00:00,BNBUSDT,0.21115299437043336
2025-06-05 00:00:00+00:00,XLMUSDT,0.1559141288915772
2025-06-05 00:00:00+00:00,BCHUSDT,0.1321926433537633
2025-06-06 00:00:00+00:00,TRXUSDT,0.24808329042355473
2025-06-06 00:00:00+00:00,BTCUSDT,0.24154389193624606
2025-06-06 00:00:00+00:00,BNBUSDT,0.20918176906061003
2025-06-06 00:00:00+00:00,XLMUSDT,0.1652912024674606
2025-06-06 00:00:00+00:00,BCHUSDT,0.13589984611212866
2025-06-10 00:00:00+00:00,BTCUSDT,0.24189482591471853
2025-06-10 00:00:00+00:00,TRXUSDT,0.2248520934662195
2025-06-10 00:00:00+00:00,BNBUSDT,0.22413906668835595
2025-06-10 00:00:00+00:00,XLMUSDT,0.16965994436153417
2025-06-10 00:00:00+00:00,BCHUSDT,0.13945406956917178
2025-06-12 00:00:00+00:00,BTCUSDT,0.25092598697353785
2025-06-12 00:00:00+00:00,BNBUSDT,0.23115577766544756
2025-06-12 00:00:00+00:00,TRXUSDT,0.19724201869835686
2025-06-12 00:00:00+00:00,XLMUSDT,0.17440904183890504
2025-06-12 00:00:00+00:00,BCHUSDT,0.14626717482375268
2025-06-13 00:00:00+00:00,BTCUSDT,0.24962257400736557
2025-06-13 00:00:00+00:00,BNBUSDT,0.23358464091469552
2025-06-13 00:00:00+00:00,TRXUSDT,0.19868466047942301
2025-06-13 00:00:00+00:00,XLMUSDT,0.17281204424157579
2025-06-13 00:00:00+00:00,LTCUSDT,0.14529608035694022
2025-06-14 00:00:00+00:00,BTCUSDT,0.24705806171085523
2025-06-14 00:00:00+00:00,BNBUSDT,0.22957065780014602
2025-06-14 00:00:00+00:00,TRXUSDT,0.20432989424582784
2025-06-14 00:00:00+00:00,XLMUSDT,0.1705884697813336
2025-06-14 00:00:00+00:00,LTCUSDT,0.1484529164618374
2025-06-18 00:00:00+00:00,BNBUSDT,0.24818188056316617
2025-06-18 00:00:00+00:00,BTCUSDT,0.24094917775174085
2025-06-18 00:00:00+00:00,TRXUSDT,0.1863438599967991
2025-06-18 00:00:00+00:00,XLMUSDT,0.16880970037922427
2025-06-18 00:00:00+00:00,LTCUSDT,0.15571538130906964
2025-06-26 00:00:00+00:00,BNBUSDT,0.2511850925063389
2025-06-26 00:00:00+00:00,BTCUSDT,0.23144202706104802
2025-06-26 00:00:00+00:00,TRXUSDT,0.2248137876242916
2025-06-26 00:00:00+00:00,LTCUSDT,0.15748634637488182
2025-06-26 00:00:00+00:00,XLMUSDT,0.1350727464334395
2025-07-01 00:00:00+00:00,TRXUSDT,0.2557016311422752
2025-07-01 00:00:00+00:00,BNBUSDT,0.25265979820312046
2025-07-01 00:00:00+00:00,BTCUSDT,0.23483020842653526
2025-07-01 00:00:00+00:00,LTCUSDT,0.13916085030288766
2025-07-01 00:00:00+00:00,XLMUSDT,0.11764751192518134
2025-07-02 00:00:00+00:00,TRXUSDT,0.25785889592383665
2025-07-02 00:00:00+00:00,BNBUSDT,0.25621177986438465
2025-07-02 00:00:00+00:00,BTCUSDT,0.22821202905736812
2025-07-02 00:00:00+00:00,LTCUSDT,0.13798582805158854
2025-07-02 00:00:00+00:00,XLMUSDT,0.11973146710282193
2025-07-03 00:00:00+00:00,TRXUSDT,0.25852226026910086
2025-07-03 00:00:00+00:00,BNBUSDT,0.25852226026910086
2025-07-03 00:00:00+00:00,BTCUSDT,0.22924650258541102
2025-07-03 00:00:00+00:00,LTCUSDT,0.1334143258456374
2025-07-03 00:00:00+00:00,XLMUSDT,0.12029465103074974
2025-07-04 00:00:00+00:00,TRXUSDT,0.25643641491064706
2025-07-04 00:00:00+00:00,BNBUSDT,0.25643641491064706
2025-07-04 00:00:00+00:00,BTCUSDT,0.2352947700368596
2025-07-04 00:00:00+00:00,LTCUSDT,0.13288655503920882
2025-07-04 00:00:00+00:00,XLMUSDT,0.11894584510263745
2025-07-05 00:00:00+00:00,TRXUSDT,0.2562961068600325
2025-07-05 00:00:00+00:00,BNBUSDT,0.2562961068600325
2025-07-05 00:00:00+00:00,BTCUSDT,0.23549943074582294
2025-07-05 00:00:00+00:00,LTCUSDT,0.13433372942843433
2025-07-05 00:00:00+00:00,XLMUSDT,0.11757462610567762
2025-07-06 00:00:00+00:00,TRXUSDT,0.25951572297594655
2025-07-06 00:00:00+00:00,BNBUSDT,0.25951572297594655
2025-07-06 00:00:00+00:00,BTCUSDT,0.23501873705232051
2025-07-06 00:00:00+00:00,LTCUSDT,0.1299546366617254
2025-07-06 00:00:00+00:00,XLMUSDT,0.11599518033406096
2025-07-08 00:00:00+00:00,BNBUSDT,0.2620922332486554
2025-07-08 00:00:00+00:00,TRXUSDT,0.2620922332486554
2025-07-08 00:00:00+00:00,BTCUSDT,0.24236625722798466
2025-07-08 00:00:00+00:00,LTCUSDT,0.12234064778981586
2025-07-08 00:00:00+00:00,ETHUSDT,0.11110862848488864
2025-07-10 00:00:00+00:00,TRXUSDT,0.26770074680278244
2025-07-10 00:00:00+00:00,BNBUSDT,0.26770074680278244
2025-07-10 00:00:00+00:00,BTCUSDT,0.22187492726383462
2025-07-10 00:00:00+00:00,LTCUSDT,0.12509431042719185
2025-07-10 00:00:00+00:00,BCHUSDT,0.11762926870340858
2025-07-11 00:00:00+00:00,TRXUSDT,0.2658465929455624
2025-07-11 00:00:00+00:00,BNBUSDT,0.2658465929455624
2025-07-11 00:00:00+00:00,BTCUSDT,0.2198330565600639
2025-07-11 00:00:00+00:00,BCHUSDT,0.12612540711103815
2025-07-11 00:00:00+00:00,XMRUSDT.P,0.12234835043777313
2025-07-12 00:00:00+00:00,TRXUSDT,0.2619381509699729
2025-07-12 00:00:00+00:00,BNBUSDT,0.2619381509699729
2025-07-12 00:00:00+00:00,BTCUSDT,0.22556485380482927
2025-07-12 00:00:00+00:00,XMRUSDT.P,0.12982251541757686
2025-07-12 00:00:00+00:00,LTCUSDT,0.12073632883764801
2025-07-14 00:00:00+00:00,TRXUSDT,0.25921099476877985
2025-07-14 00:00:00+00:00,BNBUSDT,0.25921099476877985
2025-07-14 00:00:00+00:00,BTCUSDT,0.21718508844715953
2025-07-14 00:00:00+00:00,XMRUSDT.P,0.13687062027581162
2025-07-14 00:00:00+00:00,BCHUSDT,0.12752230173946924
2025-07-19 00:00:00+00:00,TRXUSDT,0.2411246701203136
2025-07-19 00:00:00+00:00,BNBUSDT,0.2407460683469534
2025-07-19 00:00:00+00:00,BTCUSDT,0.227646422540391
2025-07-19 00:00:00+00:00,XMRUSDT.P,0.14856558551839663
2025-07-19 00:00:00+00:00,BCHUSDT,0.14191725347394546
2025-07-27 00:00:00+00:00,BTCUSDT,0.2592431487145057
2025-07-27 00:00:00+00:00,TRXUSDT,0.2413474480656748
2025-07-27 00:00:00+00:00,BNBUSDT,0.18422575813780187
2025-07-27 00:00:00+00:00,XMRUSDT.P,0.1630071424073344
2025-07-27 00:00:00+00:00,ETHUSDT,0.15217650267468316
2025-08-01 00:00:00+00:00,BTCUSDT,0.26941463175137265
2025-08-01 00:00:00+00:00,TRXUSDT,0.23858494292651078
2025-08-01 00:00:00+00:00,XMRUSDT.P,0.17661585166162228
2025-08-01 00:00:00+00:00,BNBUSDT,0.16023696220676867
2025-08-01 00:00:00+00:00,ETHUSDT,0.15514761145372563
2025-08-02 00:00:00+00:00,BTCUSDT,0.2690367081095718
2025-08-02 00:00:00+00:00,TRXUSDT,0.2439256328057961
2025-08-02 00:00:00+00:00,XMRUSDT.P,0.1804878260704313
2025-08-02 00:00:00+00:00,BNBUSDT,0.1557814173666293
2025-08-02 00:00:00+00:00,ETHUSDT,0.15076841564757146
2025-08-03 00:00:00+00:00,BTCUSDT,0.2674421360603742
2025-08-03 00:00:00+00:00,TRXUSDT,0.2429442089034783
2025-08-03 00:00:00+00:00,XMRUSDT.P,0.17805083374676986
2025-08-03 00:00:00+00:00,BNBUSDT,0.15587187400936717
2025-08-03 00:00:00+00:00,ETHUSDT,0.15569094728001057
2025-08-04 00:00:00+00:00,BTCUSDT,0.2679973356726481
2025-08-04 00:00:00+00:00,TRXUSDT,0.24004927634445197
2025-08-04 00:00:00+00:00,XMRUSDT.P,0.18034873442331936
2025-08-04 00:00:00+00:00,BNBUSDT,0.1577973898572079
2025-08-04 00:00:00+00:00,ETHUSDT,0.15380726370237258
2025-08-05 00:00:00+00:00,BTCUSDT,0.27134082505860263
2025-08-05 00:00:00+00:00,TRXUSDT,0.249538594701681
2025-08-05 00:00:00+00:00,XMRUSDT.P,0.16757024182248917
2025-08-05 00:00:00+00:00,BNBUSDT,0.1614787183478266
2025-08-05 00:00:00+00:00,ETHUSDT,0.1500716200694006
2025-08-06 00:00:00+00:00,BTCUSDT,0.269472897539545
2025-08-06 00:00:00+00:00,TRXUSDT,0.25258173770481657
2025-08-06 00:00:00+00:00,BNBUSDT,0.16584527535921348
2025-08-06 00:00:00+00:00,XMRUSDT.P,0.16064288208302568
2025-08-06 00:00:00+00:00,ETHUSDT,0.15145720731339915
2025-08-08 00:00:00+00:00,BTCUSDT,0.26850848564016716
2025-08-08 00:00:00+00:00,TRXUSDT,0.26124249605233735
2025-08-08 00:00:00+00:00,BNBUSDT,0.17396169725812774
2025-08-08 00:00:00+00:00,ETHUSDT,0.15377647455971744
2025-08-08 00:00:00+00:00,1000SHIBUSDT.P,0.1425108464896503
2025-08-10 00:00:00+00:00,BTCUSDT,0.26747556073624407
2025-08-10 00:00:00+00:00,TRXUSDT,0.2563188158096288
2025-08-10 00:00:00+00:00,BNBUSDT,0.18855882557564257
2025-08-10 00:00:00+00:00,ETHUSDT,0.1493657006944091
2025-08-10 00:00:00+00:00,SOLUSDT,0.1382810971840755
2025-08-11 00:00:00+00:00,BTCUSDT,0.26410493515215816
2025-08-11 00:00:00+00:00,TRXUSDT,0.26410493515215816
2025-08-11 00:00:00+00:00,BNBUSDT,0.19057569736062288
2025-08-11 00:00:00+00:00,ETHUSDT,0.1483445381228089
2025-08-11 00:00:00+00:00,SOLUSDT,0.13286989421225204
2025-08-12 00:00:00+00:00,BTCUSDT,0.2703662986805173
2025-08-12 00:00:00+00:00,TRXUSDT,0.2703662986805173
2025-08-12 00:00:00+00:00,BNBUSDT,0.18673067499152524
2025-08-12 00:00:00+00:00,ETHUSDT,0.14317841975366208
2025-08-12 00:00:00+00:00,BCHUSDT,0.12935830789377795
